condition,timepoint,c-Citrineperod,c-Citrineperodvar
"2% Glu,0 IPTG",0,1483.756514,19731.00752
"2% Glu,0 IPTG",10.65916667,1171.851569,8134.221662
"2% Glu,0 IPTG",21.31,1161.680832,7325.11594
"2% Glu,0 IPTG",31.95916667,1085.954605,14202.36055
"2% Glu,0 IPTG",42.60916667,1104.465098,13506.25878
"2% Glu,0 IPTG",53.26,1054.307778,15860.45537
"2% Glu,0 IPTG",63.90916667,1135.463155,9004.447546
"2% Glu,0 IPTG",74.56,1152.913001,6633.104401
"2% Glu,0 IPTG",85.21,1200.798685,9790.661422
"2% Glu,0 IPTG",95.86,1268.615566,5356.429184
"2% Glu,0 IPTG",106.5108333,1214.775422,5504.745657
"2% Glu,0 IPTG",117.1608333,1242.843502,6026.070509
"2% Glu,0 IPTG",127.8116667,1191.014003,6010.748044
"2% Glu,0 IPTG",138.4608333,1207.331195,3053.52235
"2% Glu,0 IPTG",149.1108333,1230.463959,3279.371237
"2% Glu,0 IPTG",159.7616667,1215.906966,4758.34873
"2% Glu,0 IPTG",170.4116667,1234.64932,4115.900664
"2% Glu,0 IPTG",181.0625,1229.542429,2712.793734
"2% Glu,0 IPTG",191.7125,1255.350104,2220.040347
"2% Glu,0 IPTG",202.3625,1273.27215,2480.08245
"2% Glu,0 IPTG",213.0125,1280.46085,3012.696702
"2% Glu,0 IPTG",223.6633333,1298.919576,4716.41059
"2% Glu,0 IPTG",234.3133333,1344.432608,5173.762228
"2% Glu,0 IPTG",244.9633333,1368.284557,4872.282623
"2% Glu,0 IPTG",255.6133333,1417.238139,4148.09079
"2% Glu,0 IPTG",266.2633333,1423.491162,5174.317471
"2% Glu,0 IPTG",276.9141667,1426.217603,6078.110618
"2% Glu,0 IPTG",287.5641667,1433.998728,7518.982733
"2% Glu,0 IPTG",298.2141667,1484.146337,8561.825514
"2% Glu,0 IPTG",308.8641667,1482.473482,7346.430968
"2% Glu,0 IPTG",319.515,1478.649773,6690.807802
"2% Glu,0 IPTG",330.165,1474.228569,8010.955761
"2% Glu,0 IPTG",340.815,1476.333643,10091.95914
"2% Glu,0 IPTG",351.4658333,1446.320518,11689.9851
"2% Glu,0 IPTG",362.115,1459.111538,11855.60544
"2% Glu,0 IPTG",372.7658333,1467.149683,12824.32652
"2% Glu,0 IPTG",383.4158333,1475.915961,11536.51721
"2% Glu,0 IPTG",394.0658333,1496.367183,12612.56363
"2% Glu,0 IPTG",404.7166667,1500.702897,10449.91729
"2% Glu,0 IPTG",415.3658333,1554.504342,9878.822975
"2% Glu,0 IPTG",426.0166667,1582.990662,12648.07701
"2% Glu,0 IPTG",436.6666667,1607.843121,10549.80068
"2% Glu,0 IPTG",447.3183333,1644.992885,11071.27342
"2% Glu,0 IPTG",457.9675,1639.042135,9693.570796
"2% Glu,0 IPTG",468.6175,1637.279908,9267.884106
"2% Glu,0 IPTG",479.2675,1634.399353,11022.3435
"2% Glu,0 IPTG",489.9175,1642.547616,10940.7964
"2% Glu,0 IPTG",500.5683333,1639.575715,10161.97773
"2% Glu,0 IPTG",511.2183333,1628.597852,9801.784546
"2% Glu,0 IPTG",521.8691667,1613.944674,10428.08212
"2% Glu,0 IPTG",532.5191667,1595.164611,10398.34223
"2% Glu,0 IPTG",543.1691667,1549.4837,11829.53975
"2% Glu,0 IPTG",553.8191667,1530.356223,11108.42099
"2% Glu,0 IPTG",564.4691667,1516.12825,11835.10374
"2% Glu,0 IPTG",575.12,1501.971288,11396.88147
"2% Glu,0 IPTG",585.77,1479.296797,10265.4956
"2% Glu,0 IPTG",596.4208333,1463.437496,10638.57103
"2% Glu,0 IPTG",607.07,1456.70452,9544.723695
"2% Glu,0 IPTG",617.72,1451.734125,9968.558731
"2% Glu,0 IPTG",628.3708333,1439.392258,9125.094025
"2% Glu,0 IPTG",639.0208333,1417.736161,8095.153166
"2% Glu,0 IPTG",649.6716667,1407.951354,7855.126672
"2% Glu,0 IPTG",660.3208333,1424.551915,8984.234098
"2% Glu,0 IPTG",670.9708333,1403.014055,8630.959325
"2% Glu,0 IPTG",681.6216667,1390.336248,5822.499519
"2% Glu,0 IPTG",692.2833333,1374.715941,7740.950178
"2% Glu,0 IPTG",702.9225,1375.449914,6853.245056
"2% Glu,0 IPTG",713.5725,1366.289757,6853.444067
"2% Glu,0 IPTG",724.2225,1345.353759,6171.300853
"2% Glu,0 IPTG",734.8725,1361.85526,8564.687053
"2% Glu,0 IPTG",745.5225,1363.291001,5795.824116
"2% Glu,0 IPTG",756.1741667,1343.572205,5955.930541
"2% Glu,0 IPTG",766.8233333,1354.313214,4819.316046
"2% Glu,0 IPTG",777.4741667,1342.250528,5334.039323
"2% Glu,0 IPTG",788.1233333,1345.368987,4910.171926
"2% Glu,0 IPTG",798.7741667,1358.098453,5915.279487
"2% Glu,0 IPTG",809.425,1350.977259,5025.935486
"2% Glu,0 IPTG",820.0758333,1344.293725,4587.447338
"2% Glu,0 IPTG",830.725,1347.121581,3770.758705
"2% Glu,0 IPTG",841.375,1352.255595,5033.625143
"2% Glu,0 IPTG",852.0258333,1333.23161,4828.584864
"2% Glu,0 IPTG",862.675,1361.346858,2729.484412
"2% Glu,0 IPTG",873.3266667,1375.633104,4318.030546
"2% Glu,0 IPTG",883.9758333,1373.504563,3954.01809
"2% Glu,0 IPTG",894.6266667,1393.058794,2955.830058
"2% Glu,0 IPTG",905.2758333,1396.308821,3276.737486
"2% Glu,0 IPTG",915.9266667,1359.827932,3013.173314
"2% Glu,0 IPTG",926.5766667,1362.863709,3622.56744
"2% Glu,0 IPTG",937.2283333,1368.588259,3776.111422
"2% Glu,0 IPTG",947.8783333,1368.5426,3275.885433
"2% Glu,0 IPTG",958.5275,1357.788225,3998.500103
"2% Glu,0 IPTG",969.1783333,1364.797943,2736.771185
"2% Glu,0 IPTG",979.8283333,1363.008478,3131.893369
"2% Glu,0 IPTG",990.4791667,1359.279738,2561.569311
"2% Glu,0 IPTG",1001.128333,1364.767458,3254.303333
"2% Glu,0 IPTG",1011.778333,1369.711723,2449.540729
"2% Glu,0 IPTG",1022.428333,1349.516214,2963.918754
"2% Glu,0 IPTG",1033.079167,1352.989681,2793.109561
"2% Glu,0 IPTG",1043.73,1352.72344,2772.416267
"2% Glu,0 IPTG",1054.378333,1355.647931,3413.558944
"2% Glu,0 IPTG",1065.029167,1375.332704,3881.433101
"2% Glu,0 IPTG",1075.68,1354.330698,3223.367948
"2% Glu,0 IPTG",1086.33,1365.203319,4064.448971
"2% Glu,0 IPTG",1096.980833,1355.173023,2087.720948
"2% Glu,0 IPTG",1107.63,1354.790075,3386.450339
"2% Glu,0 IPTG",1118.280833,1357.434094,3372.331038
"2% Glu,0 IPTG",1128.93,1362.643774,3829.632833
"2% Glu,0 IPTG",1139.580833,1352.049628,3696.869035
"2% Glu,0 IPTG",1150.231667,1361.972102,3909.313289
"2% Glu,0 IPTG",1160.88,1353.190652,3966.585069
"2% Glu,0 IPTG",1171.530833,1345.552388,4211.923106
"2% Glu,0 IPTG",1182.180833,1354.07085,4759.681041
"2% Glu,0 IPTG",1192.8325,1355.536683,4357.871861
"2% Glu,0 IPTG",1203.4825,1359.758301,4034.096687
"2% Glu,0 IPTG",1214.133333,1365.211624,3584.152927
"2% Glu,0 IPTG",1224.781667,1350.267277,4779.50549
"2% Glu,0 IPTG",1235.433333,1365.512144,5412.346801
"2% Glu,0 IPTG",1246.0825,1357.315008,4459.511724
"2% Glu,0 IPTG",1256.7325,1347.163189,6417.375294
"2% Glu,0 IPTG",1267.384167,1336.580805,4343.411979
"2% Glu,0 IPTG",1278.035,1347.733142,4096.037887
"2% Glu,0 IPTG",1288.684167,1360.085197,5669.366238
"2% Glu,0 IPTG",1299.334167,1363.871393,6010.816325
"2% Glu,0 IPTG",1309.985,1372.60031,6201.39201
"2% Glu,0 IPTG",1320.635,1377.424612,5551.100822
"2% Glu,0 IPTG",1331.285,1360.609,7200.653297
"2% Glu,0 IPTG",1341.935833,1362.736782,5199.249599
"2% Glu,0 IPTG",1352.584167,1357.102326,5355.531179
"2% Glu,0 IPTG",1363.235833,1350.038841,5866.45193
"2% Glu,0 IPTG",1373.885,1348.655513,6408.399452
"2% Glu,0 IPTG",1384.535833,1349.22055,6321.815963
"2% Glu,0 IPTG",1395.196667,1360.640857,7290.773242
"2% Glu,0 IPTG",1405.835833,1360.08451,6155.905689
"2% Glu,1 IPTG",0,1240.502342,12735.19037
"2% Glu,1 IPTG",10.65916667,1144.551364,9874.161212
"2% Glu,1 IPTG",21.30833333,1107.525727,11145.49265
"2% Glu,1 IPTG",31.9575,1125.111916,10267.57008
"2% Glu,1 IPTG",42.60666667,1120.705326,10289.32747
"2% Glu,1 IPTG",53.25666667,1148.450711,3830.188517
"2% Glu,1 IPTG",63.90583333,1237.854791,4725.680092
"2% Glu,1 IPTG",74.55583333,1316.433536,7876.580933
"2% Glu,1 IPTG",85.205,1390.894508,17027.67332
"2% Glu,1 IPTG",95.85416667,1447.516598,5912.569041
"2% Glu,1 IPTG",106.5041667,1533.647079,6445.163832
"2% Glu,1 IPTG",117.1533333,1558.32665,4821.333265
"2% Glu,1 IPTG",127.8033333,1546.704379,11538.90641
"2% Glu,1 IPTG",138.4525,1583.012709,6935.793872
"2% Glu,1 IPTG",149.1016667,1662.89494,7988.429575
"2% Glu,1 IPTG",159.7516667,1746.810839,10118.86436
"2% Glu,1 IPTG",170.4008333,1778.086621,8604.308312
"2% Glu,1 IPTG",181.0508333,1862.245892,10493.41395
"2% Glu,1 IPTG",191.7,1899.030477,7446.825747
"2% Glu,1 IPTG",202.35,2050.593324,14301.24228
"2% Glu,1 IPTG",212.9983333,2139.815833,17976.94595
"2% Glu,1 IPTG",223.6483333,2257.163248,16435.93412
"2% Glu,1 IPTG",234.2975,2383.031695,15581.87715
"2% Glu,1 IPTG",244.9466667,2471.132276,25767.89133
"2% Glu,1 IPTG",255.5966667,2533.011656,15345.18989
"2% Glu,1 IPTG",266.2458333,2631.174214,14737.71006
"2% Glu,1 IPTG",276.8958333,2685.579424,18078.85088
"2% Glu,1 IPTG",287.545,2759.211582,19558.39664
"2% Glu,1 IPTG",298.195,2825.363028,19921.47705
"2% Glu,1 IPTG",308.8441667,2894.079198,29858.37345
"2% Glu,1 IPTG",319.4941667,2948.389056,27741.53652
"2% Glu,1 IPTG",330.1433333,2984.317068,29981.68347
"2% Glu,1 IPTG",340.7925,3058.362737,40714.77314
"2% Glu,1 IPTG",351.4425,3085.256875,44204.80704
"2% Glu,1 IPTG",362.0916667,3119.447252,53684.28349
"2% Glu,1 IPTG",372.7416667,3158.568832,55621.72731
"2% Glu,1 IPTG",383.3908333,3227.85021,58503.59591
"2% Glu,1 IPTG",394.0391667,3266.508427,58165.0715
"2% Glu,1 IPTG",404.6891667,3290.598402,54432.19974
"2% Glu,1 IPTG",415.3391667,3335.184327,59485.6416
"2% Glu,1 IPTG",425.9883333,3357.892675,65480.64613
"2% Glu,1 IPTG",436.6375,3344.407001,57569.6215
"2% Glu,1 IPTG",447.2883333,3334.153154,66376.27504
"2% Glu,1 IPTG",457.9366667,3335.223867,71246.87829
"2% Glu,1 IPTG",468.5866667,3284.217215,71579.65147
"2% Glu,1 IPTG",479.2358333,3282.176376,82201.04284
"2% Glu,1 IPTG",489.885,3279.681019,85160.15154
"2% Glu,1 IPTG",500.535,3258.192801,82779.63862
"2% Glu,1 IPTG",511.1841667,3225.706934,83841.67704
"2% Glu,1 IPTG",521.8341667,3128.025132,102333.402
"2% Glu,1 IPTG",532.4833333,3058.029731,98057.6217
"2% Glu,1 IPTG",543.1325,2984.657901,103684.5871
"2% Glu,1 IPTG",553.7825,2927.392734,98261.72312
"2% Glu,1 IPTG",564.4316667,2920.581416,109237.7768
"2% Glu,1 IPTG",575.0808333,2862.137043,96132.80682
"2% Glu,1 IPTG",585.7308333,2822.437579,103373.0057
"2% Glu,1 IPTG",596.38,2797.688454,91043.99993
"2% Glu,1 IPTG",607.0291667,2743.842213,99703.57172
"2% Glu,1 IPTG",617.6791667,2743.091536,103836.0528
"2% Glu,1 IPTG",628.3283333,2719.542855,92846.47332
"2% Glu,1 IPTG",638.9775,2682.044545,86625.05892
"2% Glu,1 IPTG",649.6275,2681.576896,87180.86757
"2% Glu,1 IPTG",660.2766667,2667.110505,91099.29741
"2% Glu,1 IPTG",670.9258333,2657.214628,76297.50232
"2% Glu,1 IPTG",681.5758333,2627.406543,68958.61885
"2% Glu,1 IPTG",692.2366667,2599.753107,77873.85935
"2% Glu,1 IPTG",702.875,2591.062814,80951.16297
"2% Glu,1 IPTG",713.5241667,2585.58263,75800.11316
"2% Glu,1 IPTG",724.1741667,2572.881406,76919.95614
"2% Glu,1 IPTG",734.8233333,2574.369625,73205.93529
"2% Glu,1 IPTG",745.4725,2569.126491,72019.32827
"2% Glu,1 IPTG",756.1225,2557.477892,75679.75426
"2% Glu,1 IPTG",766.7716667,2531.983917,66391.20167
"2% Glu,1 IPTG",777.4208333,2554.542467,66435.84403
"2% Glu,1 IPTG",788.0708333,2541.528859,64004.72936
"2% Glu,1 IPTG",798.7208333,2516.737595,65319.38674
"2% Glu,1 IPTG",809.37,2521.687421,60095.89259
"2% Glu,1 IPTG",820.0208333,2515.829697,61679.65361
"2% Glu,1 IPTG",830.67,2505.632291,63284.78237
"2% Glu,1 IPTG",841.3191667,2546.556689,67776.00597
"2% Glu,1 IPTG",851.9675,2535.459274,65672.64428
"2% Glu,1 IPTG",862.6166667,2579.088741,60410.12894
"2% Glu,1 IPTG",873.2675,2562.766218,68154.53333
"2% Glu,1 IPTG",883.9158333,2554.547026,57856.83984
"2% Glu,1 IPTG",894.5658333,2563.597343,53272.23093
"2% Glu,1 IPTG",905.215,2600.37099,56186.39305
"2% Glu,1 IPTG",915.865,2576.208601,57699.89899
"2% Glu,1 IPTG",926.515,2565.559684,51612.26244
"2% Glu,1 IPTG",937.1641667,2556.892597,56688.32513
"2% Glu,1 IPTG",947.8133333,2547.429591,50714.7214
"2% Glu,1 IPTG",958.4633333,2537.185228,52839.22793
"2% Glu,1 IPTG",969.1116667,2559.504451,53073.57166
"2% Glu,1 IPTG",979.7616667,2550.761532,52797.86847
"2% Glu,1 IPTG",990.4108333,2555.693859,50079.60476
"2% Glu,1 IPTG",1001.06,2532.197527,53129.6619
"2% Glu,1 IPTG",1011.709167,2569.747819,48010.10203
"2% Glu,1 IPTG",1022.359167,2570.013552,50096.59226
"2% Glu,1 IPTG",1033.008333,2556.174285,54667.24714
"2% Glu,1 IPTG",1043.659167,2574.331808,51626.7171
"2% Glu,1 IPTG",1054.3075,2592.704173,50042.97995
"2% Glu,1 IPTG",1064.956667,2564.47599,49728.28971
"2% Glu,1 IPTG",1075.606667,2575.300255,46327.73753
"2% Glu,1 IPTG",1086.255833,2588.287692,52315.05492
"2% Glu,1 IPTG",1096.905833,2601.201593,51556.68883
"2% Glu,1 IPTG",1107.555833,2597.596998,54911.77795
"2% Glu,1 IPTG",1118.205833,2598.672075,49495.43569
"2% Glu,1 IPTG",1128.854167,2631.458862,54015.63438
"2% Glu,1 IPTG",1139.504167,2624.0236,52086.40388
"2% Glu,1 IPTG",1150.1525,2625.419123,49146.60784
"2% Glu,1 IPTG",1160.801667,2642.648525,48332.33154
"2% Glu,1 IPTG",1171.451667,2618.333761,47580.8919
"2% Glu,1 IPTG",1182.100833,2669.891734,45676.75915
"2% Glu,1 IPTG",1192.750833,2670.864414,45636.019
"2% Glu,1 IPTG",1203.4,2696.302277,46538.0858
"2% Glu,1 IPTG",1214.05,2731.96268,48305.36654
"2% Glu,1 IPTG",1224.7,2734.116515,44042.25468
"2% Glu,1 IPTG",1235.35,2746.647193,52793.27505
"2% Glu,1 IPTG",1245.998333,2705.952854,42900.42956
"2% Glu,1 IPTG",1256.6475,2717.360719,43658.10086
"2% Glu,1 IPTG",1267.296667,2705.003648,43175.12787
"2% Glu,1 IPTG",1277.946667,2712.54462,39835.57769
"2% Glu,1 IPTG",1288.595833,2781.919906,42344.82685
"2% Glu,1 IPTG",1299.245833,2773.654075,44484.52175
"2% Glu,1 IPTG",1309.895833,2766.131597,43364.31818
"2% Glu,1 IPTG",1320.545,2779.359094,43704.48658
"2% Glu,1 IPTG",1331.195,2763.84911,40524.79321
"2% Glu,1 IPTG",1341.843333,2738.675513,40052.5312
"2% Glu,1 IPTG",1352.493333,2766.860278,35260.79547
"2% Glu,1 IPTG",1363.143333,2770.56862,39181.18036
"2% Glu,1 IPTG",1373.791667,2789.782918,37175.38237
"2% Glu,1 IPTG",1384.441667,2794.25801,34755.38317
"2% Glu,1 IPTG",1395.100833,2790.216153,29463.13126
"2% Glu,1 IPTG",1405.740833,2806.560432,37924.26668
"2% Glu,10 IPTG",0,1153.504648,8108.756961
"2% Glu,10 IPTG",10.65916667,1091.546522,6936.233132
"2% Glu,10 IPTG",21.30833333,1231.419611,6261.470221
"2% Glu,10 IPTG",31.9575,1364.113716,7400.218742
"2% Glu,10 IPTG",42.60666667,1714.453152,6135.630083
"2% Glu,10 IPTG",53.25666667,2115.542121,6015.394674
"2% Glu,10 IPTG",63.90583333,2697.137148,15706.71335
"2% Glu,10 IPTG",74.55583333,3331.605761,4232.403126
"2% Glu,10 IPTG",85.205,3963.869634,10542.97812
"2% Glu,10 IPTG",95.85416667,4527.245551,16777.49918
"2% Glu,10 IPTG",106.5041667,5205.852497,20956.70258
"2% Glu,10 IPTG",117.1533333,5754.387717,13433.59113
"2% Glu,10 IPTG",127.8033333,6400.083611,23930.15544
"2% Glu,10 IPTG",138.4525,6978.590732,20708.71567
"2% Glu,10 IPTG",149.1016667,7665.571174,27670.24825
"2% Glu,10 IPTG",159.7516667,8320.593944,25629.89958
"2% Glu,10 IPTG",170.4008333,8981.409234,20954.91714
"2% Glu,10 IPTG",181.0508333,9759.291539,27260.10422
"2% Glu,10 IPTG",191.7,10461.98623,43741.87079
"2% Glu,10 IPTG",202.35,11378.32441,35110.95512
"2% Glu,10 IPTG",212.9983333,12222.09744,27862.55308
"2% Glu,10 IPTG",223.6483333,13132.42513,46069.90853
"2% Glu,10 IPTG",234.2975,14051.97581,39615.43244
"2% Glu,10 IPTG",244.9466667,14925.38252,36273.59845
"2% Glu,10 IPTG",255.5966667,15818.16997,52151.00681
"2% Glu,10 IPTG",266.2458333,16751.1467,45436.04844
"2% Glu,10 IPTG",276.8958333,17545.27596,71910.2083
"2% Glu,10 IPTG",287.545,18338.69286,78823.81967
"2% Glu,10 IPTG",298.195,19031.65278,90261.31051
"2% Glu,10 IPTG",308.8441667,19570.85165,90208.66603
"2% Glu,10 IPTG",319.4941667,20097.16454,113595.8056
"2% Glu,10 IPTG",330.1433333,20487.00193,100393.4256
"2% Glu,10 IPTG",340.7925,20736.24266,130743.2941
"2% Glu,10 IPTG",351.4425,20936.33472,104588.4184
"2% Glu,10 IPTG",362.0916667,21165.46464,113355.3712
"2% Glu,10 IPTG",372.7416667,21359.18057,121596.2558
"2% Glu,10 IPTG",383.3908333,21607.0731,114547.5277
"2% Glu,10 IPTG",394.0391667,21711.32281,107662.4919
"2% Glu,10 IPTG",404.6891667,21777.3815,106138.7465
"2% Glu,10 IPTG",415.3391667,21895.53533,107179.2998
"2% Glu,10 IPTG",425.9883333,21886.68437,103939.3214
"2% Glu,10 IPTG",436.6375,21757.96452,113185.5099
"2% Glu,10 IPTG",447.2883333,21609.255,140541.5445
"2% Glu,10 IPTG",457.9366667,21409.43979,117394.6828
"2% Glu,10 IPTG",468.5866667,20991.74714,123825.1138
"2% Glu,10 IPTG",479.2358333,20902.38774,119513.1027
"2% Glu,10 IPTG",489.885,20800.95553,123493.0178
"2% Glu,10 IPTG",500.535,20427.22999,122192.2393
"2% Glu,10 IPTG",511.1841667,20171.98202,112814.0799
"2% Glu,10 IPTG",521.8341667,19725.75632,120772.0154
"2% Glu,10 IPTG",532.4833333,19158.51175,107780.0145
"2% Glu,10 IPTG",543.1325,18677.40306,109055.2317
"2% Glu,10 IPTG",553.7825,18237.49212,125062.8967
"2% Glu,10 IPTG",564.4316667,17988.73942,114486.8446
"2% Glu,10 IPTG",575.0808333,17747.77641,95690.02991
"2% Glu,10 IPTG",585.7308333,17415.01236,89023.17246
"2% Glu,10 IPTG",596.38,17163.20269,79525.85111
"2% Glu,10 IPTG",607.0291667,16963.4771,70105.44877
"2% Glu,10 IPTG",617.6791667,16753.27643,107888.3954
"2% Glu,10 IPTG",628.3283333,16538.51651,103852.8788
"2% Glu,10 IPTG",638.9775,16399.97946,102925.8354
"2% Glu,10 IPTG",649.6275,16275.71446,79094.01262
"2% Glu,10 IPTG",660.2766667,16207.9973,101991.1431
"2% Glu,10 IPTG",670.9258333,16052.95611,86900.51659
"2% Glu,10 IPTG",681.5758333,15883.72355,83370.01595
"2% Glu,10 IPTG",692.2366667,15740.39783,93351.53415
"2% Glu,10 IPTG",702.875,15662.63744,92255.16865
"2% Glu,10 IPTG",713.5241667,15570.89985,102590.5476
"2% Glu,10 IPTG",724.1741667,15574.98976,79609.87091
"2% Glu,10 IPTG",734.8233333,15438.16845,81718.03253
"2% Glu,10 IPTG",745.4725,15408.41907,76947.58363
"2% Glu,10 IPTG",756.1225,15327.70518,80615.02206
"2% Glu,10 IPTG",766.7716667,15203.71174,68479.8988
"2% Glu,10 IPTG",777.4208333,15197.55484,75676.87211
"2% Glu,10 IPTG",788.0708333,15116.4189,81678.36131
"2% Glu,10 IPTG",798.7208333,15038.83863,86249.3906
"2% Glu,10 IPTG",809.37,15001.43194,76874.25367
"2% Glu,10 IPTG",820.0208333,14928.1364,84665.06341
"2% Glu,10 IPTG",830.67,14849.43567,86809.83297
"2% Glu,10 IPTG",841.3191667,14970.54115,71636.94355
"2% Glu,10 IPTG",851.9675,14883.31364,65578.88273
"2% Glu,10 IPTG",862.6166667,15056.62207,69006.15602
"2% Glu,10 IPTG",873.2675,15028.27221,66247.44256
"2% Glu,10 IPTG",883.9158333,14964.06786,68752.39953
"2% Glu,10 IPTG",894.5658333,14963.29146,59834.86907
"2% Glu,10 IPTG",905.215,14905.66861,61281.06044
"2% Glu,10 IPTG",915.865,14779.31183,66960.89819
"2% Glu,10 IPTG",926.515,14714.6624,61341.12744
"2% Glu,10 IPTG",937.1641667,14683.3715,61977.71547
"2% Glu,10 IPTG",947.8133333,14630.46076,60806.72958
"2% Glu,10 IPTG",958.4633333,14575.89393,80034.19117
"2% Glu,10 IPTG",969.1116667,14555.0161,72570.80325
"2% Glu,10 IPTG",979.7616667,14623.2044,78541.94384
"2% Glu,10 IPTG",990.4108333,14554.21317,76005.82544
"2% Glu,10 IPTG",1001.06,14485.85,78746.60294
"2% Glu,10 IPTG",1011.709167,14413.70621,55566.04408
"2% Glu,10 IPTG",1022.359167,14433.04056,60258.95935
"2% Glu,10 IPTG",1033.008333,14425.26997,59746.62797
"2% Glu,10 IPTG",1043.659167,14332.43444,67076.55664
"2% Glu,10 IPTG",1054.3075,14326.99546,84251.12265
"2% Glu,10 IPTG",1064.956667,14273.80975,70543.45921
"2% Glu,10 IPTG",1075.606667,14190.38636,62299.25952
"2% Glu,10 IPTG",1086.255833,14215.6167,55908.60665
"2% Glu,10 IPTG",1096.905833,14174.74586,69876.71719
"2% Glu,10 IPTG",1107.555833,14115.38889,67710.10437
"2% Glu,10 IPTG",1118.205833,14071.06448,68796.66452
"2% Glu,10 IPTG",1128.854167,14062.9149,72360.40124
"2% Glu,10 IPTG",1139.504167,14073.60035,83756.73742
"2% Glu,10 IPTG",1150.1525,14168.09947,82641.42967
"2% Glu,10 IPTG",1160.801667,14089.13411,115185.7933
"2% Glu,10 IPTG",1171.451667,14026.79361,119183.0875
"2% Glu,10 IPTG",1182.100833,14039.97083,106252.176
"2% Glu,10 IPTG",1192.750833,13941.772,103003.145
"2% Glu,10 IPTG",1203.4,14117.53181,66677.14405
"2% Glu,10 IPTG",1214.05,14181.69924,60010.35006
"2% Glu,10 IPTG",1224.7,14189.96848,48417.07405
"2% Glu,10 IPTG",1235.35,14139.40732,54147.9964
"2% Glu,10 IPTG",1245.998333,13961.42712,49639.68116
"2% Glu,10 IPTG",1256.6475,13943.53688,70048.46597
"2% Glu,10 IPTG",1267.296667,13855.62897,70428.82057
"2% Glu,10 IPTG",1277.946667,13914.61099,67701.61309
"2% Glu,10 IPTG",1288.595833,13904.89957,86310.88665
"2% Glu,10 IPTG",1299.245833,13822.56172,77166.31135
"2% Glu,10 IPTG",1309.895833,13735.52444,76521.60349
"2% Glu,10 IPTG",1320.545,13648.1344,77764.3966
"2% Glu,10 IPTG",1331.195,13494.48924,76104.81576
"2% Glu,10 IPTG",1341.843333,13420.87749,73931.0514
"2% Glu,10 IPTG",1352.493333,13399.30075,65005.9638
"2% Glu,10 IPTG",1363.143333,13285.02722,107488.0663
"2% Glu,10 IPTG",1373.791667,13210.90433,74226.39456
"2% Glu,10 IPTG",1384.441667,13214.80196,95777.57043
"2% Glu,10 IPTG",1395.100833,13170.70941,97151.74438
"2% Glu,10 IPTG",1405.740833,13176.46507,105383.7641
"2% Glu,100 IPTG",0,1355.762585,26727.99653
"2% Glu,100 IPTG",10.65916667,1282.727979,17509.09096
"2% Glu,100 IPTG",21.30833333,1574.164339,16443.8597
"2% Glu,100 IPTG",31.9575,2042.242274,6874.195571
"2% Glu,100 IPTG",42.60666667,2584.974381,16024.32034
"2% Glu,100 IPTG",53.25666667,3278.414246,13978.49627
"2% Glu,100 IPTG",63.90583333,4113.585213,17050.17354
"2% Glu,100 IPTG",74.55583333,4974.2276,24277.63167
"2% Glu,100 IPTG",85.205,5782.312529,20214.26982
"2% Glu,100 IPTG",95.85416667,6554.623366,18811.21857
"2% Glu,100 IPTG",106.5041667,7260.319813,27124.0217
"2% Glu,100 IPTG",117.1533333,7969.876553,47332.57159
"2% Glu,100 IPTG",127.8033333,8720.821092,38101.61481
"2% Glu,100 IPTG",138.4525,9458.183964,41580.50588
"2% Glu,100 IPTG",149.1016667,10224.16883,54920.11942
"2% Glu,100 IPTG",159.7516667,11099.55055,45782.95214
"2% Glu,100 IPTG",170.4008333,11967.36425,38161.66689
"2% Glu,100 IPTG",181.0508333,12861.76817,64637.98765
"2% Glu,100 IPTG",191.7,13806.65732,75577.16198
"2% Glu,100 IPTG",202.35,14929.03963,70221.66148
"2% Glu,100 IPTG",212.9983333,15990.48775,102858.5
"2% Glu,100 IPTG",223.6483333,17214.33233,130234.5098
"2% Glu,100 IPTG",234.2975,18356.34658,155296.8745
"2% Glu,100 IPTG",244.9466667,19479.58593,150126.733
"2% Glu,100 IPTG",255.5966667,20462.61448,180308.3185
"2% Glu,100 IPTG",266.2458333,21479.89042,172504.4368
"2% Glu,100 IPTG",276.8958333,22341.6025,130711.7978
"2% Glu,100 IPTG",287.545,23201.43402,103639.1616
"2% Glu,100 IPTG",298.195,24181.04682,407560.8112
"2% Glu,100 IPTG",308.8441667,25061.8894,382033.2442
"2% Glu,100 IPTG",319.4941667,25769.70111,517274.3236
"2% Glu,100 IPTG",330.1433333,26425.06914,555513.0914
"2% Glu,100 IPTG",340.7925,26908.76525,636998.2061
"2% Glu,100 IPTG",351.4425,27356.64202,627363.9668
"2% Glu,100 IPTG",362.0916667,27632.52483,678462.3993
"2% Glu,100 IPTG",372.7416667,27831.92328,674237.7056
"2% Glu,100 IPTG",383.3908333,28192.31161,607990.6078
"2% Glu,100 IPTG",394.0391667,28353.81142,682946.8228
"2% Glu,100 IPTG",404.6891667,28347.08649,647961.1773
"2% Glu,100 IPTG",415.3391667,28552.66188,670491.4753
"2% Glu,100 IPTG",425.9883333,28511.14255,794423.1772
"2% Glu,100 IPTG",436.6375,28389.74387,727638.5508
"2% Glu,100 IPTG",447.2883333,28156.78707,766636.7404
"2% Glu,100 IPTG",457.9366667,27834.07907,763073.288
"2% Glu,100 IPTG",468.5866667,27299.03611,881803.8148
"2% Glu,100 IPTG",479.2358333,27232.0881,793202.8533
"2% Glu,100 IPTG",489.885,26978.8744,864785.8718
"2% Glu,100 IPTG",500.535,26651.70168,871480.8035
"2% Glu,100 IPTG",511.1841667,26189.22328,853728.6849
"2% Glu,100 IPTG",521.8341667,25632.86363,883958.6933
"2% Glu,100 IPTG",532.4833333,24798.4137,855073.0919
"2% Glu,100 IPTG",543.1325,24279.6959,772630.6
"2% Glu,100 IPTG",553.7825,23728.62652,745073.4494
"2% Glu,100 IPTG",564.4316667,23370.27635,723669.2959
"2% Glu,100 IPTG",575.0808333,22922.82122,663675.2554
"2% Glu,100 IPTG",585.7308333,22538.99456,670295.5417
"2% Glu,100 IPTG",596.38,22254.08158,631305.8343
"2% Glu,100 IPTG",607.0291667,21987.18233,666343.361
"2% Glu,100 IPTG",617.6791667,21734.32228,622368.5465
"2% Glu,100 IPTG",628.3283333,21421.40975,580627.0522
"2% Glu,100 IPTG",638.9775,21274.99344,591430.8251
"2% Glu,100 IPTG",649.6275,21080.38226,552057.702
"2% Glu,100 IPTG",660.2766667,20933.92862,544447.5032
"2% Glu,100 IPTG",670.9258333,20773.14233,581794.5313
"2% Glu,100 IPTG",681.5758333,20595.77439,561769.6617
"2% Glu,100 IPTG",692.2366667,20464.2968,568014.3222
"2% Glu,100 IPTG",702.875,20261.71235,525648.2741
"2% Glu,100 IPTG",713.5241667,20156.41113,492426.1494
"2% Glu,100 IPTG",724.1741667,20128.02352,463352.1377
"2% Glu,100 IPTG",734.8233333,20099.41279,532005.002
"2% Glu,100 IPTG",745.4725,20007.5981,496754.9525
"2% Glu,100 IPTG",756.1225,19843.60074,490646.0121
"2% Glu,100 IPTG",766.7716667,19772.80662,493641.1557
"2% Glu,100 IPTG",777.4208333,19751.63926,482531.7136
"2% Glu,100 IPTG",788.0708333,19669.75284,500845.822
"2% Glu,100 IPTG",798.7208333,19553.38541,438196.5428
"2% Glu,100 IPTG",809.37,19454.89368,478052.4588
"2% Glu,100 IPTG",820.0208333,19451.62267,423407.1717
"2% Glu,100 IPTG",830.67,19414.44606,415027.3135
"2% Glu,100 IPTG",841.3191667,19529.86779,396566.029
"2% Glu,100 IPTG",851.9675,19462.5357,421564.8021
"2% Glu,100 IPTG",862.6166667,19603.00301,395708.8442
"2% Glu,100 IPTG",873.2675,19638.11733,398537.4306
"2% Glu,100 IPTG",883.9158333,19534.52359,394554.3236
"2% Glu,100 IPTG",894.5658333,19546.516,410381.7366
"2% Glu,100 IPTG",905.215,19507.75425,418552.6906
"2% Glu,100 IPTG",915.865,19252.03322,529034.1861
"2% Glu,100 IPTG",926.515,19216.05543,486498.2095
"2% Glu,100 IPTG",937.1641667,19122.3902,534280.0646
"2% Glu,100 IPTG",947.8133333,19098.9744,584746.4194
"2% Glu,100 IPTG",958.4633333,18978.94236,564577.5881
"2% Glu,100 IPTG",969.1116667,19003.50024,616546.3405
"2% Glu,100 IPTG",979.7616667,18967.10765,617367.7823
"2% Glu,100 IPTG",990.4108333,18909.7526,634114.1975
"2% Glu,100 IPTG",1001.06,18778.50674,565229.1086
"2% Glu,100 IPTG",1011.709167,18731.97545,578239.5283
"2% Glu,100 IPTG",1022.359167,18737.02055,562803.1289
"2% Glu,100 IPTG",1033.008333,18691.10161,599727.4855
"2% Glu,100 IPTG",1043.659167,18695.944,644252.0399
"2% Glu,100 IPTG",1054.3075,18670.06588,641098.0875
"2% Glu,100 IPTG",1064.956667,18663.096,648220.0442
"2% Glu,100 IPTG",1075.606667,18583.88459,608736.3299
"2% Glu,100 IPTG",1086.255833,18646.04566,620399.1542
"2% Glu,100 IPTG",1096.905833,18660.49329,606638.098
"2% Glu,100 IPTG",1107.555833,18611.68097,575105.5379
"2% Glu,100 IPTG",1118.205833,18491.05201,542653.8504
"2% Glu,100 IPTG",1128.854167,18505.68194,463156.892
"2% Glu,100 IPTG",1139.504167,18481.06404,420807.3825
"2% Glu,100 IPTG",1150.1525,18441.84055,372925.3413
"2% Glu,100 IPTG",1160.801667,18436.88263,367362.1
"2% Glu,100 IPTG",1171.451667,18325.30685,289863.0865
"2% Glu,100 IPTG",1182.100833,18233.80963,303134.1895
"2% Glu,100 IPTG",1192.750833,18017.24231,290293.826
"2% Glu,100 IPTG",1203.4,18183.98195,265177.5529
"2% Glu,100 IPTG",1214.05,18170.86322,240493.7846
"2% Glu,100 IPTG",1224.7,18051.48001,248458.0029
"2% Glu,100 IPTG",1235.35,17969.87485,252022.3021
"2% Glu,100 IPTG",1245.998333,17729.54355,245214.6181
"2% Glu,100 IPTG",1256.6475,17693.74892,256713.491
"2% Glu,100 IPTG",1267.296667,17601.32317,229540.9452
"2% Glu,100 IPTG",1277.946667,17655.67908,251359.1927
"2% Glu,100 IPTG",1288.595833,17671.9696,254821.224
"2% Glu,100 IPTG",1299.245833,17511.13784,259672.9479
"2% Glu,100 IPTG",1309.895833,17408.79206,246014.249
"2% Glu,100 IPTG",1320.545,17403.01906,233661.8206
"2% Glu,100 IPTG",1331.195,17243.7958,248594.2762
"2% Glu,100 IPTG",1341.843333,17074.88099,228862.3164
"2% Glu,100 IPTG",1352.493333,17073.95104,240748.0233
"2% Glu,100 IPTG",1363.143333,16996.00345,200469.4978
"2% Glu,100 IPTG",1373.791667,16928.49636,193475.5061
"2% Glu,100 IPTG",1384.441667,17001.99029,235214.7544
"2% Glu,100 IPTG",1395.100833,16934.54368,208962.9529
"2% Glu,100 IPTG",1405.740833,16885.67386,239771.8042
"2% Glu,5 IPTG",0,1214.633276,11855.83591
"2% Glu,5 IPTG",10.65916667,1253.652736,6964.435782
"2% Glu,5 IPTG",21.30833333,1182.014731,8489.583642
"2% Glu,5 IPTG",31.9575,1256.51356,9904.488555
"2% Glu,5 IPTG",42.60666667,1452.363915,5816.511142
"2% Glu,5 IPTG",53.25666667,1701.288131,10795.18644
"2% Glu,5 IPTG",63.90583333,2032.535375,5103.521265
"2% Glu,5 IPTG",74.55583333,2481.389515,7794.724798
"2% Glu,5 IPTG",85.205,2893.984457,10363.78936
"2% Glu,5 IPTG",95.85416667,3205.464839,17412.53201
"2% Glu,5 IPTG",106.5041667,3608.538782,11529.55559
"2% Glu,5 IPTG",117.1533333,3958.763534,13572.71637
"2% Glu,5 IPTG",127.8033333,4387.399981,15299.4341
"2% Glu,5 IPTG",138.4525,4809.591004,23316.28268
"2% Glu,5 IPTG",149.1016667,5304.269767,25553.28584
"2% Glu,5 IPTG",159.7516667,5720.688057,15125.4259
"2% Glu,5 IPTG",170.4008333,6139.116364,17521.52714
"2% Glu,5 IPTG",181.0508333,6645.332199,16120.50802
"2% Glu,5 IPTG",191.7,7129.257812,22470.73942
"2% Glu,5 IPTG",202.35,7758.154258,25787.66535
"2% Glu,5 IPTG",212.9983333,8282.285031,27060.07287
"2% Glu,5 IPTG",223.6483333,8872.764816,18533.10513
"2% Glu,5 IPTG",234.2975,9448.818605,38985.85783
"2% Glu,5 IPTG",244.9466667,10017.49659,31024.22412
"2% Glu,5 IPTG",255.5966667,10571.09947,42433.33225
"2% Glu,5 IPTG",266.2458333,11207.67608,51384.62304
"2% Glu,5 IPTG",276.8958333,11715.79105,71141.36832
"2% Glu,5 IPTG",287.545,12271.755,78944.29344
"2% Glu,5 IPTG",298.195,12681.68034,80741.9357
"2% Glu,5 IPTG",308.8441667,13013.34088,83344.5674
"2% Glu,5 IPTG",319.4941667,13401.42621,76214.6232
"2% Glu,5 IPTG",330.1433333,13729.78285,101132.8786
"2% Glu,5 IPTG",340.7925,13988.54974,113758.4411
"2% Glu,5 IPTG",351.4425,14124.995,120346.8437
"2% Glu,5 IPTG",362.0916667,14332.73869,113873.4657
"2% Glu,5 IPTG",372.7416667,14515.43689,115126.5297
"2% Glu,5 IPTG",383.3908333,14757.81627,130902.7121
"2% Glu,5 IPTG",394.0391667,14904.79455,136995.8718
"2% Glu,5 IPTG",404.6891667,15006.62862,140191.8361
"2% Glu,5 IPTG",415.3391667,15058.67568,146719.3939
"2% Glu,5 IPTG",425.9883333,15027.08337,136916.3056
"2% Glu,5 IPTG",436.6375,14954.70637,158420.7287
"2% Glu,5 IPTG",447.2883333,14831.28355,137992.8821
"2% Glu,5 IPTG",457.9366667,14706.48172,162301.6734
"2% Glu,5 IPTG",468.5866667,14446.8582,133122.4051
"2% Glu,5 IPTG",479.2358333,14391.58764,117368.9646
"2% Glu,5 IPTG",489.885,14284.12141,118538.3361
"2% Glu,5 IPTG",500.535,14074.96049,115508.1089
"2% Glu,5 IPTG",511.1841667,13854.01193,112048.9163
"2% Glu,5 IPTG",521.8341667,13558.72903,97860.54632
"2% Glu,5 IPTG",532.4833333,13160.48699,98610.8561
"2% Glu,5 IPTG",543.1325,12793.4483,100961.1265
"2% Glu,5 IPTG",553.7825,12543.95876,109833.6187
"2% Glu,5 IPTG",564.4316667,12362.54297,89751.02504
"2% Glu,5 IPTG",575.0808333,12150.44384,104312.8755
"2% Glu,5 IPTG",585.7308333,12015.14028,110251.0522
"2% Glu,5 IPTG",596.38,11825.66748,89341.53843
"2% Glu,5 IPTG",607.0291667,11710.98072,85552.38101
"2% Glu,5 IPTG",617.6791667,11569.2127,79177.17978
"2% Glu,5 IPTG",628.3283333,11461.15748,75336.34749
"2% Glu,5 IPTG",638.9775,11406.31786,96870.35828
"2% Glu,5 IPTG",649.6275,11288.56222,77950.72376
"2% Glu,5 IPTG",660.2766667,11229.61106,80926.99568
"2% Glu,5 IPTG",670.9258333,11112.87534,64211.27535
"2% Glu,5 IPTG",681.5758333,11042.57627,64463.8949
"2% Glu,5 IPTG",692.2366667,10952.23311,65630.92681
"2% Glu,5 IPTG",702.875,10897.22489,65589.14445
"2% Glu,5 IPTG",713.5241667,10787.55513,63911.13091
"2% Glu,5 IPTG",724.1741667,10774.51689,61259.17039
"2% Glu,5 IPTG",734.8233333,10798.69107,60484.68887
"2% Glu,5 IPTG",745.4725,10728.70001,49848.20913
"2% Glu,5 IPTG",756.1225,10661.54035,63340.08768
"2% Glu,5 IPTG",766.7716667,10642.20632,55260.22194
"2% Glu,5 IPTG",777.4208333,10606.60166,54451.46209
"2% Glu,5 IPTG",788.0708333,10585.9462,53942.97342
"2% Glu,5 IPTG",798.7208333,10495.53514,61899.13237
"2% Glu,5 IPTG",809.37,10527.92991,57212.97727
"2% Glu,5 IPTG",820.0208333,10431.96701,42255.63222
"2% Glu,5 IPTG",830.67,10453.39194,59126.19053
"2% Glu,5 IPTG",841.3191667,10494.46559,51506.05841
"2% Glu,5 IPTG",851.9675,10467.73019,52514.02038
"2% Glu,5 IPTG",862.6166667,10586.58553,62044.68272
"2% Glu,5 IPTG",873.2675,10597.28895,60279.25704
"2% Glu,5 IPTG",883.9158333,10567.53889,56753.29204
"2% Glu,5 IPTG",894.5658333,10594.37027,53170.57881
"2% Glu,5 IPTG",905.215,10551.89504,54885.45805
"2% Glu,5 IPTG",915.865,10519.53697,48448.31885
"2% Glu,5 IPTG",926.515,10449.42633,43889.76357
"2% Glu,5 IPTG",937.1641667,10417.00855,45063.16871
"2% Glu,5 IPTG",947.8133333,10348.71576,30596.27892
"2% Glu,5 IPTG",958.4633333,10294.63736,33911.41528
"2% Glu,5 IPTG",969.1116667,10274.22126,31085.18174
"2% Glu,5 IPTG",979.7616667,10331.06661,35749.59915
"2% Glu,5 IPTG",990.4108333,10246.44808,34139.17585
"2% Glu,5 IPTG",1001.06,10197.55736,27461.76333
"2% Glu,5 IPTG",1011.709167,10198.60808,36879.28888
"2% Glu,5 IPTG",1022.359167,10193.65342,31937.97446
"2% Glu,5 IPTG",1033.008333,10131.989,33473.32246
"2% Glu,5 IPTG",1043.659167,10133.74946,43080.05112
"2% Glu,5 IPTG",1054.3075,10182.39922,37305.27034
"2% Glu,5 IPTG",1064.956667,10125.88986,47367.79914
"2% Glu,5 IPTG",1075.606667,10099.1388,45743.891
"2% Glu,5 IPTG",1086.255833,10095.23246,39652.93539
"2% Glu,5 IPTG",1096.905833,10052.88417,55526.33749
"2% Glu,5 IPTG",1107.555833,10083.34349,65822.24925
"2% Glu,5 IPTG",1118.205833,10044.97829,66713.23439
"2% Glu,5 IPTG",1128.854167,10070.30414,71162.08967
"2% Glu,5 IPTG",1139.504167,10103.95149,75813.1875
"2% Glu,5 IPTG",1150.1525,10063.23059,69995.21058
"2% Glu,5 IPTG",1160.801667,10103.16224,59348.64842
"2% Glu,5 IPTG",1171.451667,10065.8275,58879.57817
"2% Glu,5 IPTG",1182.100833,10061.56221,56629.9876
"2% Glu,5 IPTG",1192.750833,10021.72053,54003.38913
"2% Glu,5 IPTG",1203.4,10124.24696,38617.50377
"2% Glu,5 IPTG",1214.05,10149.53036,39887.10809
"2% Glu,5 IPTG",1224.7,10126.19109,30184.30693
"2% Glu,5 IPTG",1235.35,10132.66242,28081.67379
"2% Glu,5 IPTG",1245.998333,10063.69972,14525.36038
"2% Glu,5 IPTG",1256.6475,10044.78192,19354.90245
"2% Glu,5 IPTG",1267.296667,9995.70876,17182.50968
"2% Glu,5 IPTG",1277.946667,10060.43144,21798.90163
"2% Glu,5 IPTG",1288.595833,10117.93966,24374.34494
"2% Glu,5 IPTG",1299.245833,10091.79665,23066.32246
"2% Glu,5 IPTG",1309.895833,10045.05107,20133.56595
"2% Glu,5 IPTG",1320.545,9991.022648,25128.37701
"2% Glu,5 IPTG",1331.195,9880.316994,23808.38181
"2% Glu,5 IPTG",1341.843333,9839.357066,22164.18029
"2% Glu,5 IPTG",1352.493333,9844.656705,24934.8737
"2% Glu,5 IPTG",1363.143333,9804.438972,25271.96899
"2% Glu,5 IPTG",1373.791667,9786.671237,34780.19568
"2% Glu,5 IPTG",1384.441667,9744.5725,17684.37962
"2% Glu,5 IPTG",1395.100833,9743.909563,24474.86853
"2% Glu,5 IPTG",1405.740833,9748.855874,21801.02794
"2% Glu,7.5 IPTG",0,1293.847128,28159.54702
"2% Glu,7.5 IPTG",10.65916667,1097.865864,15178.12533
"2% Glu,7.5 IPTG",21.31,1211.829906,10620.81279
"2% Glu,7.5 IPTG",31.95916667,1298.530474,7974.188649
"2% Glu,7.5 IPTG",42.60916667,1608.158811,9980.03608
"2% Glu,7.5 IPTG",53.26,1960.108864,12026.44244
"2% Glu,7.5 IPTG",63.90916667,2513.148423,13432.06743
"2% Glu,7.5 IPTG",74.56,3089.43982,11959.58429
"2% Glu,7.5 IPTG",85.21,3655.328022,15866.56597
"2% Glu,7.5 IPTG",95.86,4330.087723,23777.91052
"2% Glu,7.5 IPTG",106.5108333,4895.416829,18685.60801
"2% Glu,7.5 IPTG",117.1608333,5483.694952,28292.36456
"2% Glu,7.5 IPTG",127.8116667,6046.573078,19471.38888
"2% Glu,7.5 IPTG",138.4608333,6631.499831,28517.07147
"2% Glu,7.5 IPTG",149.1108333,7267.165414,25572.39419
"2% Glu,7.5 IPTG",159.7616667,7832.791606,16481.94962
"2% Glu,7.5 IPTG",170.4116667,8368.625961,29037.77234
"2% Glu,7.5 IPTG",181.0625,9025.679482,20772.88657
"2% Glu,7.5 IPTG",191.7125,9705.958363,33654.77734
"2% Glu,7.5 IPTG",202.3625,10359.16402,44253.15367
"2% Glu,7.5 IPTG",213.0125,11053.29721,32982.06619
"2% Glu,7.5 IPTG",223.6633333,11875.58364,49290.15739
"2% Glu,7.5 IPTG",234.3133333,12548.19738,35335.32298
"2% Glu,7.5 IPTG",244.9633333,13327.90994,39030.86201
"2% Glu,7.5 IPTG",255.6133333,14134.2453,61863.99879
"2% Glu,7.5 IPTG",266.2633333,14873.8593,63684.36096
"2% Glu,7.5 IPTG",276.9141667,15470.49029,57542.51335
"2% Glu,7.5 IPTG",287.5641667,16202.31064,71987.78958
"2% Glu,7.5 IPTG",298.2141667,16925.21033,88358.62399
"2% Glu,7.5 IPTG",308.8641667,17507.32161,119463.7502
"2% Glu,7.5 IPTG",319.515,18168.28252,125703.4823
"2% Glu,7.5 IPTG",330.165,18786.75374,119148.853
"2% Glu,7.5 IPTG",340.815,19238.73334,144010.989
"2% Glu,7.5 IPTG",351.4658333,19548.28549,157607.1212
"2% Glu,7.5 IPTG",362.115,19853.07025,128804.7755
"2% Glu,7.5 IPTG",372.7658333,20154.68028,118475.329
"2% Glu,7.5 IPTG",383.4158333,20399.14129,116932.027
"2% Glu,7.5 IPTG",394.0658333,20626.75586,110394.5519
"2% Glu,7.5 IPTG",404.7166667,20962.14992,85586.72159
"2% Glu,7.5 IPTG",415.3658333,21386.84061,115166.5646
"2% Glu,7.5 IPTG",426.0166667,21694.37364,73357.9219
"2% Glu,7.5 IPTG",436.6666667,22086.26664,102504.6172
"2% Glu,7.5 IPTG",447.3183333,22077.79247,95089.34009
"2% Glu,7.5 IPTG",457.9675,21999.89793,88193.52399
"2% Glu,7.5 IPTG",468.6175,21915.43214,80140.1074
"2% Glu,7.5 IPTG",479.2675,22076.65235,102504.3508
"2% Glu,7.5 IPTG",489.9175,21969.59407,99506.97398
"2% Glu,7.5 IPTG",500.5683333,21726.25452,103971.1604
"2% Glu,7.5 IPTG",511.2183333,21466.24014,113624.7206
"2% Glu,7.5 IPTG",521.8691667,21123.14139,162637.7365
"2% Glu,7.5 IPTG",532.5191667,20697.18509,141408.5203
"2% Glu,7.5 IPTG",543.1691667,20160.85904,138501.5899
"2% Glu,7.5 IPTG",553.8191667,19791.27198,137319.9985
"2% Glu,7.5 IPTG",564.4691667,19508.58835,136400.3948
"2% Glu,7.5 IPTG",575.12,19109.44157,145348.5695
"2% Glu,7.5 IPTG",585.77,18825.13933,125060.9193
"2% Glu,7.5 IPTG",596.4208333,18485.14101,126795.1811
"2% Glu,7.5 IPTG",607.07,18185.83435,141473.957
"2% Glu,7.5 IPTG",617.72,17939.01937,112585.263
"2% Glu,7.5 IPTG",628.3708333,17685.84441,120730.9731
"2% Glu,7.5 IPTG",639.0208333,17469.16443,121978.4657
"2% Glu,7.5 IPTG",649.6716667,17272.05947,86119.79426
"2% Glu,7.5 IPTG",660.3208333,17053.96539,110126.7818
"2% Glu,7.5 IPTG",670.9708333,16862.50785,78139.03798
"2% Glu,7.5 IPTG",681.6216667,16665.07995,98261.41891
"2% Glu,7.5 IPTG",692.2833333,16509.3434,83241.55905
"2% Glu,7.5 IPTG",702.9225,16323.47096,85181.68043
"2% Glu,7.5 IPTG",713.5725,16272.06624,68606.92228
"2% Glu,7.5 IPTG",724.2225,16087.82964,84969.67893
"2% Glu,7.5 IPTG",734.8725,15979.0593,65577.29196
"2% Glu,7.5 IPTG",745.5225,15897.4358,73845.45781
"2% Glu,7.5 IPTG",756.1741667,15713.17002,56348.65504
"2% Glu,7.5 IPTG",766.8233333,15664.84018,92709.567
"2% Glu,7.5 IPTG",777.4741667,15596.07187,79744.49441
"2% Glu,7.5 IPTG",788.1233333,15524.30761,56265.53329
"2% Glu,7.5 IPTG",798.7741667,15491.61596,65364.77549
"2% Glu,7.5 IPTG",809.425,15395.06703,77336.73423
"2% Glu,7.5 IPTG",820.0758333,15298.46787,68030.23355
"2% Glu,7.5 IPTG",830.725,15290.1762,66467.1652
"2% Glu,7.5 IPTG",841.375,15257.63801,61415.8279
"2% Glu,7.5 IPTG",852.0258333,15003.46155,73732.16984
"2% Glu,7.5 IPTG",862.675,15192.69306,64721.50567
"2% Glu,7.5 IPTG",873.3266667,15211.99341,60307.98736
"2% Glu,7.5 IPTG",883.9758333,15163.0466,67338.70479
"2% Glu,7.5 IPTG",894.6266667,15211.56668,59328.16876
"2% Glu,7.5 IPTG",905.2758333,15205.27896,51048.29636
"2% Glu,7.5 IPTG",915.9266667,14999.53857,48766.62971
"2% Glu,7.5 IPTG",926.5766667,14925.63503,44589.08693
"2% Glu,7.5 IPTG",937.2283333,14926.95862,45000.67552
"2% Glu,7.5 IPTG",947.8783333,14808.46918,36919.59543
"2% Glu,7.5 IPTG",958.5275,14758.8796,58413.98693
"2% Glu,7.5 IPTG",969.1783333,14815.33799,56260.55034
"2% Glu,7.5 IPTG",979.8283333,14781.44153,65208.96358
"2% Glu,7.5 IPTG",990.4791667,14684.87664,68284.04988
"2% Glu,7.5 IPTG",1001.128333,14623.50766,68919.19095
"2% Glu,7.5 IPTG",1011.778333,14589.22423,67800.00625
"2% Glu,7.5 IPTG",1022.428333,14493.83132,54388.44747
"2% Glu,7.5 IPTG",1033.079167,14410.31305,63992.10457
"2% Glu,7.5 IPTG",1043.73,14329.43626,61332.85712
"2% Glu,7.5 IPTG",1054.378333,14307.74776,54601.3789
"2% Glu,7.5 IPTG",1065.029167,14146.78509,79411.58227
"2% Glu,7.5 IPTG",1075.68,14044.90624,53028.43035
"2% Glu,7.5 IPTG",1086.33,13996.92486,68586.73046
"2% Glu,7.5 IPTG",1096.980833,13959.01825,71109.15386
"2% Glu,7.5 IPTG",1107.63,13879.59841,64677.86077
"2% Glu,7.5 IPTG",1118.280833,13812.18072,56320.77601
"2% Glu,7.5 IPTG",1128.93,13738.88916,62717.48814
"2% Glu,7.5 IPTG",1139.580833,13684.58421,66107.06017
"2% Glu,7.5 IPTG",1150.231667,13636.27689,71414.17803
"2% Glu,7.5 IPTG",1160.88,13604.3769,57765.57202
"2% Glu,7.5 IPTG",1171.530833,13526.50957,60238.93564
"2% Glu,7.5 IPTG",1182.180833,13511.28906,61080.48343
"2% Glu,7.5 IPTG",1192.8325,13387.08818,69280.25219
"2% Glu,7.5 IPTG",1203.4825,13433.23247,48688.57396
"2% Glu,7.5 IPTG",1214.133333,13329.08629,63450.0279
"2% Glu,7.5 IPTG",1224.781667,13278.39637,52455.97372
"2% Glu,7.5 IPTG",1235.433333,13282.10716,60045.3836
"2% Glu,7.5 IPTG",1246.0825,13191.37771,60663.80069
"2% Glu,7.5 IPTG",1256.7325,13177.86078,57660.05012
"2% Glu,7.5 IPTG",1267.384167,13071.25342,64803.84366
"2% Glu,7.5 IPTG",1278.035,13129.2978,64199.72262
"2% Glu,7.5 IPTG",1288.684167,13134.23802,52227.80782
"2% Glu,7.5 IPTG",1299.334167,13027.35056,52395.72617
"2% Glu,7.5 IPTG",1309.985,12959.67233,54568.7522
"2% Glu,7.5 IPTG",1320.635,13021.32412,59992.76502
"2% Glu,7.5 IPTG",1331.285,12964.97839,65168.88267
"2% Glu,7.5 IPTG",1341.935833,12898.54249,57944.57127
"2% Glu,7.5 IPTG",1352.584167,12860.17291,52319.6556
"2% Glu,7.5 IPTG",1363.235833,12758.23055,54929.11419
"2% Glu,7.5 IPTG",1373.885,12714.75996,65691.13001
"2% Glu,7.5 IPTG",1384.535833,12712.95155,64354.55374
"2% Glu,7.5 IPTG",1395.196667,12639.70669,65869.05673
"2% Glu,7.5 IPTG",1405.835833,12597.65409,62978.67679
"2% Glu,0.5 IPTG",0,1222.20458,125797.0553
"2% Glu,0.5 IPTG",10.65916667,1031.930933,109322.347
"2% Glu,0.5 IPTG",21.31166667,1145.14535,46795.76088
"2% Glu,0.5 IPTG",31.96166667,1069.165425,39016.84543
"2% Glu,0.5 IPTG",42.61333333,1151.405929,25661.55107
"2% Glu,0.5 IPTG",53.265,1227.29406,22669.94716
"2% Glu,0.5 IPTG",63.91666667,1395.248488,9938.447134
"2% Glu,0.5 IPTG",74.5675,1421.223706,4420.413745
"2% Glu,0.5 IPTG",85.21916667,1443.734381,9401.891062
"2% Glu,0.5 IPTG",95.87083333,1526.467318,11615.40045
"2% Glu,0.5 IPTG",106.5216667,1473.863127,5800.799538
"2% Glu,0.5 IPTG",117.1733333,1497.952626,5454.58461
"2% Glu,0.5 IPTG",127.825,1449.441918,6115.55259
"2% Glu,0.5 IPTG",138.4758333,1410.16157,5720.936818
"2% Glu,0.5 IPTG",149.1275,1440.808265,4707.55819
"2% Glu,0.5 IPTG",159.7791667,1402.505835,3960.901764
"2% Glu,0.5 IPTG",170.4308333,1408.745294,5653.11923
"2% Glu,0.5 IPTG",181.0825,1439.966889,5526.748015
"2% Glu,0.5 IPTG",191.7333333,1483.880604,4272.637774
"2% Glu,0.5 IPTG",202.3841667,1520.157671,3387.12384
"2% Glu,0.5 IPTG",213.0358333,1567.779842,3019.726611
"2% Glu,0.5 IPTG",223.6875,1616.706108,3893.14326
"2% Glu,0.5 IPTG",234.3391667,1661.307282,2979.642249
"2% Glu,0.5 IPTG",244.9908333,1712.052456,5307.72605
"2% Glu,0.5 IPTG",255.6408333,1773.209231,3855.490555
"2% Glu,0.5 IPTG",266.2925,1814.909115,4931.619847
"2% Glu,0.5 IPTG",276.9441667,1860.821432,5587.546688
"2% Glu,0.5 IPTG",287.5958333,1970.595214,3447.297853
"2% Glu,0.5 IPTG",298.2466667,2019.042464,5454.634228
"2% Glu,0.5 IPTG",308.8983333,2038.882733,6297.406971
"2% Glu,0.5 IPTG",319.55,2040.134303,6438.641951
"2% Glu,0.5 IPTG",330.2016667,2085.128021,7388.889982
"2% Glu,0.5 IPTG",340.8525,2103.278523,9592.971062
"2% Glu,0.5 IPTG",351.5041667,2118.98138,5910.427922
"2% Glu,0.5 IPTG",362.155,2119.561646,5827.941961
"2% Glu,0.5 IPTG",372.8066667,2090.688244,6752.075013
"2% Glu,0.5 IPTG",383.4583333,2087.883861,7381.7634
"2% Glu,0.5 IPTG",394.11,2094.060139,7338.161217
"2% Glu,0.5 IPTG",404.7616667,2134.193333,7929.845637
"2% Glu,0.5 IPTG",415.4125,2181.302794,7528.811357
"2% Glu,0.5 IPTG",426.0633333,2249.584816,8467.592968
"2% Glu,0.5 IPTG",436.715,2301.98249,8100.328905
"2% Glu,0.5 IPTG",447.3666667,2323.386588,8753.642165
"2% Glu,0.5 IPTG",458.0183333,2353.383896,8504.829519
"2% Glu,0.5 IPTG",468.6691667,2345.175491,9723.550389
"2% Glu,0.5 IPTG",479.3208333,2350.716933,9411.940014
"2% Glu,0.5 IPTG",489.9725,2340.16944,12947.09734
"2% Glu,0.5 IPTG",500.6241667,2313.743103,11014.88384
"2% Glu,0.5 IPTG",511.275,2284.813492,10986.19798
"2% Glu,0.5 IPTG",521.9266667,2242.346713,8850.526497
"2% Glu,0.5 IPTG",532.5783333,2226.031231,9350.852614
"2% Glu,0.5 IPTG",543.23,2175.058073,6948.141011
"2% Glu,0.5 IPTG",553.8808333,2147.925527,7272.170498
"2% Glu,0.5 IPTG",564.5325,2121.254053,7097.993615
"2% Glu,0.5 IPTG",575.1841667,2073.67219,7050.223877
"2% Glu,0.5 IPTG",585.835,2053.774674,6974.168243
"2% Glu,0.5 IPTG",596.4866667,2017.787611,5695.893874
"2% Glu,0.5 IPTG",607.1375,2006.743115,5870.559616
"2% Glu,0.5 IPTG",617.7891667,1986.049789,6435.373349
"2% Glu,0.5 IPTG",628.4408333,1960.286517,6512.184447
"2% Glu,0.5 IPTG",639.0925,1926.066015,4099.693012
"2% Glu,0.5 IPTG",649.7441667,1901.727476,5643.947457
"2% Glu,0.5 IPTG",660.395,1880.929562,4354.552952
"2% Glu,0.5 IPTG",671.0458333,1881.448447,5444.959811
"2% Glu,0.5 IPTG",681.6975,1863.358786,6484.135892
"2% Glu,0.5 IPTG",692.3608333,1858.574722,5599.923012
"2% Glu,0.5 IPTG",703.0008333,1847.407192,5026.981316
"2% Glu,0.5 IPTG",713.6525,1814.744265,4497.152092
"2% Glu,0.5 IPTG",724.3033333,1810.74855,4483.699581
"2% Glu,0.5 IPTG",734.955,1806.076369,5355.659293
"2% Glu,0.5 IPTG",745.6066667,1790.968214,5431.447205
"2% Glu,0.5 IPTG",756.2583333,1771.642787,4171.134344
"2% Glu,0.5 IPTG",766.9091667,1776.893697,4814.174644
"2% Glu,0.5 IPTG",777.5608333,1774.213386,4626.517522
"2% Glu,0.5 IPTG",788.2116667,1757.624222,3125.946458
"2% Glu,0.5 IPTG",798.8633333,1761.109188,3700.704009
"2% Glu,0.5 IPTG",809.5158333,1762.41678,4070.413147
"2% Glu,0.5 IPTG",820.1675,1767.541805,3850.807066
"2% Glu,0.5 IPTG",830.8183333,1752.784653,4407.392921
"2% Glu,0.5 IPTG",841.47,1752.99784,3812.49817
"2% Glu,0.5 IPTG",852.1216667,1748.542493,4989.232925
"2% Glu,0.5 IPTG",862.7725,1746.911971,4247.744818
"2% Glu,0.5 IPTG",873.4241667,1766.580723,4921.863462
"2% Glu,0.5 IPTG",884.075,1754.550749,4593.082569
"2% Glu,0.5 IPTG",894.7266667,1769.601357,4233.249842
"2% Glu,0.5 IPTG",905.3783333,1778.552167,2839.920133
"2% Glu,0.5 IPTG",916.0291667,1756.571181,3613.828442
"2% Glu,0.5 IPTG",926.6816667,1749.891988,2872.089934
"2% Glu,0.5 IPTG",937.3341667,1758.204131,2847.075742
"2% Glu,0.5 IPTG",947.9858333,1765.790114,4147.080353
"2% Glu,0.5 IPTG",958.6358333,1747.665821,3188.056727
"2% Glu,0.5 IPTG",969.2866667,1761.915102,3061.640943
"2% Glu,0.5 IPTG",979.9391667,1769.949743,2839.141141
"2% Glu,0.5 IPTG",990.59,1752.405695,2872.906275
"2% Glu,0.5 IPTG",1001.240833,1769.397703,3807.112846
"2% Glu,0.5 IPTG",1011.893333,1774.129321,3437.374772
"2% Glu,0.5 IPTG",1022.543333,1758.562565,2286.610673
"2% Glu,0.5 IPTG",1033.195,1770.582203,3690.183094
"2% Glu,0.5 IPTG",1043.846667,1778.585527,3175.90634
"2% Glu,0.5 IPTG",1054.4975,1771.091783,3644.056952
"2% Glu,0.5 IPTG",1065.15,1782.261929,3740.338424
"2% Glu,0.5 IPTG",1075.801667,1771.023853,2445.85084
"2% Glu,0.5 IPTG",1086.4525,1773.78648,3207.622616
"2% Glu,0.5 IPTG",1097.105,1791.705075,3820.597311
"2% Glu,0.5 IPTG",1107.755833,1783.322343,2470.202381
"2% Glu,0.5 IPTG",1118.4075,1788.207911,3024.683055
"2% Glu,0.5 IPTG",1129.0575,1780.590822,3371.128859
"2% Glu,0.5 IPTG",1139.71,1788.56083,5003.610439
"2% Glu,0.5 IPTG",1150.361667,1812.612602,3321.345066
"2% Glu,0.5 IPTG",1161.010833,1807.751344,4140.715361
"2% Glu,0.5 IPTG",1171.663333,1818.529061,4674.282924
"2% Glu,0.5 IPTG",1182.315,1827.404247,4503.712946
"2% Glu,0.5 IPTG",1192.9675,1828.48473,5133.064991
"2% Glu,0.5 IPTG",1203.619167,1838.436761,3523.126526
"2% Glu,0.5 IPTG",1214.27,1857.543347,3713.120304
"2% Glu,0.5 IPTG",1224.92,1859.385398,3883.888431
"2% Glu,0.5 IPTG",1235.571667,1871.513537,4093.147595
"2% Glu,0.5 IPTG",1246.2225,1870.469149,4562.35011
"2% Glu,0.5 IPTG",1256.875,1882.559563,4564.040464
"2% Glu,0.5 IPTG",1267.5275,1876.726054,4580.300519
"2% Glu,0.5 IPTG",1278.179167,1890.814258,3646.684975
"2% Glu,0.5 IPTG",1288.83,1878.701535,3227.99653
"2% Glu,0.5 IPTG",1299.480833,1877.812588,3046.392899
"2% Glu,0.5 IPTG",1310.133333,1872.124949,4656.551026
"2% Glu,0.5 IPTG",1320.785,1897.266708,3680.646881
"2% Glu,0.5 IPTG",1331.435,1915.083356,4163.708947
"2% Glu,0.5 IPTG",1342.0875,1923.381697,3899.557687
"2% Glu,0.5 IPTG",1352.736667,1922.199308,3437.490203
"2% Glu,0.5 IPTG",1363.39,1924.328264,3567.995539
"2% Glu,0.5 IPTG",1374.040833,1927.194954,3643.364378
"2% Glu,0.5 IPTG",1384.691667,1926.788118,4105.366603
"2% Glu,0.5 IPTG",1395.355833,1922.254289,4007.700872
"2% Glu,0.5 IPTG",1405.995,1936.584122,3909.900464
"2% Glu,1000 IPTG",0,1922.031896,18848.88437
"2% Glu,1000 IPTG",10.65916667,1767.159974,21302.93365
"2% Glu,1000 IPTG",21.31166667,1847.150686,13029.5845
"2% Glu,1000 IPTG",31.96166667,2371.877017,15932.69332
"2% Glu,1000 IPTG",42.61333333,2916.448706,7692.976067
"2% Glu,1000 IPTG",53.265,3490.413236,15668.3921
"2% Glu,1000 IPTG",63.91666667,4383.285769,15029.71423
"2% Glu,1000 IPTG",74.5675,5080.685329,22450.77521
"2% Glu,1000 IPTG",85.21916667,5995.614088,24389.54478
"2% Glu,1000 IPTG",95.87083333,6920.153443,36698.05601
"2% Glu,1000 IPTG",106.5216667,7725.586404,35818.3397
"2% Glu,1000 IPTG",117.1733333,8476.749878,32785.03625
"2% Glu,1000 IPTG",127.825,9166.218831,54407.20479
"2% Glu,1000 IPTG",138.4758333,9808.254477,25879.44653
"2% Glu,1000 IPTG",149.1275,10369.48152,35861.26308
"2% Glu,1000 IPTG",159.7791667,11079.53658,48439.85842
"2% Glu,1000 IPTG",170.4308333,11717.63522,55588.89578
"2% Glu,1000 IPTG",181.0825,12419.69866,89610.59799
"2% Glu,1000 IPTG",191.7333333,13191.65268,86322.12605
"2% Glu,1000 IPTG",202.3841667,13911.6734,75526.57313
"2% Glu,1000 IPTG",213.0358333,14790.5598,69085.73037
"2% Glu,1000 IPTG",223.6875,15667.61357,102201.7225
"2% Glu,1000 IPTG",234.3391667,16463.52207,98756.19934
"2% Glu,1000 IPTG",244.9908333,17403.39429,120980.7913
"2% Glu,1000 IPTG",255.6408333,18395.79394,110735.9007
"2% Glu,1000 IPTG",266.2925,19285.7222,126918.1747
"2% Glu,1000 IPTG",276.9441667,20352.48193,181178.6987
"2% Glu,1000 IPTG",287.5958333,21369.07549,165673.7384
"2% Glu,1000 IPTG",298.2466667,22245.29999,216039.8673
"2% Glu,1000 IPTG",308.8983333,23047.25474,199277.4597
"2% Glu,1000 IPTG",319.55,23882.07253,196032.9741
"2% Glu,1000 IPTG",330.2016667,24574.11426,264568.8554
"2% Glu,1000 IPTG",340.8525,25191.62316,304287.2733
"2% Glu,1000 IPTG",351.5041667,25706.58226,260776.149
"2% Glu,1000 IPTG",362.155,26310.567,328625.907
"2% Glu,1000 IPTG",372.8066667,26563.76707,350652.7809
"2% Glu,1000 IPTG",383.4583333,26838.87766,498486.0755
"2% Glu,1000 IPTG",394.11,27015.72623,451566.1344
"2% Glu,1000 IPTG",404.7616667,27542.76715,526815.4778
"2% Glu,1000 IPTG",415.4125,27891.06773,600898.3787
"2% Glu,1000 IPTG",426.0633333,28246.59383,575854.7787
"2% Glu,1000 IPTG",436.715,28843.9798,583993.5617
"2% Glu,1000 IPTG",447.3666667,28763.11254,536265.4891
"2% Glu,1000 IPTG",458.0183333,28775.27171,480604.2166
"2% Glu,1000 IPTG",468.6691667,28843.22309,491743.2527
"2% Glu,1000 IPTG",479.3208333,28644.33961,537314.7993
"2% Glu,1000 IPTG",489.9725,28513.96075,551388.5252
"2% Glu,1000 IPTG",500.6241667,28087.94729,469620.2015
"2% Glu,1000 IPTG",511.275,27586.42512,488946.692
"2% Glu,1000 IPTG",521.9266667,27126.12825,416594.6699
"2% Glu,1000 IPTG",532.5783333,26626.81596,394185.8567
"2% Glu,1000 IPTG",543.23,26028.56528,339096.0893
"2% Glu,1000 IPTG",553.8808333,25500.60806,318987.646
"2% Glu,1000 IPTG",564.5325,24949.71785,324842.4544
"2% Glu,1000 IPTG",575.1841667,24501.8808,259001.5924
"2% Glu,1000 IPTG",585.835,24128.1105,287645.0559
"2% Glu,1000 IPTG",596.4866667,23590.96508,229706.4555
"2% Glu,1000 IPTG",607.1375,23214.41254,220571.9257
"2% Glu,1000 IPTG",617.7891667,22842.11768,227805.4164
"2% Glu,1000 IPTG",628.4408333,22569.7966,183976.6664
"2% Glu,1000 IPTG",639.0925,22207.33684,180420.6803
"2% Glu,1000 IPTG",649.7441667,21943.90617,182687.7437
"2% Glu,1000 IPTG",660.395,21600.96261,177679.371
"2% Glu,1000 IPTG",671.0458333,21489.4958,186168.7651
"2% Glu,1000 IPTG",681.6975,21286.48952,180054.3631
"2% Glu,1000 IPTG",692.3608333,21118.39718,190919.5361
"2% Glu,1000 IPTG",703.0008333,20936.08331,166153.6411
"2% Glu,1000 IPTG",713.6525,20746.16416,164784.9695
"2% Glu,1000 IPTG",724.3033333,20555.7955,143654.3368
"2% Glu,1000 IPTG",734.955,20351.66992,177020.0265
"2% Glu,1000 IPTG",745.6066667,20272.29225,153954.5882
"2% Glu,1000 IPTG",756.2583333,20111.34712,161278.8228
"2% Glu,1000 IPTG",766.9091667,19923.55279,145135.3649
"2% Glu,1000 IPTG",777.5608333,19885.66946,164401.2755
"2% Glu,1000 IPTG",788.2116667,19740.01316,137478.0291
"2% Glu,1000 IPTG",798.8633333,19728.10934,153479.211
"2% Glu,1000 IPTG",809.5158333,19628.7183,123857.8001
"2% Glu,1000 IPTG",820.1675,19485.3856,127726.1921
"2% Glu,1000 IPTG",830.8183333,19408.73645,118291.594
"2% Glu,1000 IPTG",841.47,19377.67194,135966.3051
"2% Glu,1000 IPTG",852.1216667,19220.40297,136980.4853
"2% Glu,1000 IPTG",862.7725,19222.2582,141952.8344
"2% Glu,1000 IPTG",873.4241667,19216.35337,141558.193
"2% Glu,1000 IPTG",884.075,19186.32661,153224.0683
"2% Glu,1000 IPTG",894.7266667,19145.38902,133292.4776
"2% Glu,1000 IPTG",905.3783333,19214.4396,142764.0251
"2% Glu,1000 IPTG",916.0291667,18966.91326,144878.4424
"2% Glu,1000 IPTG",926.6816667,18895.85145,130980.2756
"2% Glu,1000 IPTG",937.3341667,18857.33033,150509.5789
"2% Glu,1000 IPTG",947.9858333,18825.61091,133524.0422
"2% Glu,1000 IPTG",958.6358333,18694.03655,140466.682
"2% Glu,1000 IPTG",969.2866667,18661.3919,143305.3767
"2% Glu,1000 IPTG",979.9391667,18675.76323,134827.6514
"2% Glu,1000 IPTG",990.59,18579.73513,124620.0411
"2% Glu,1000 IPTG",1001.240833,18450.30086,138382.6476
"2% Glu,1000 IPTG",1011.893333,18440.56485,148743.2753
"2% Glu,1000 IPTG",1022.543333,18512.34115,158190.3265
"2% Glu,1000 IPTG",1033.195,18490.54456,175228.5569
"2% Glu,1000 IPTG",1043.846667,18486.81683,196232.2232
"2% Glu,1000 IPTG",1054.4975,18319.64299,180053.7666
"2% Glu,1000 IPTG",1065.15,18282.70175,202661.3923
"2% Glu,1000 IPTG",1075.801667,18363.41401,215200.6036
"2% Glu,1000 IPTG",1086.4525,18344.01694,231094.5565
"2% Glu,1000 IPTG",1097.105,18382.98191,250968.8927
"2% Glu,1000 IPTG",1107.755833,18368.41046,213251.063
"2% Glu,1000 IPTG",1118.4075,18365.51295,176737.888
"2% Glu,1000 IPTG",1129.0575,18437.70657,168212.7805
"2% Glu,1000 IPTG",1139.71,18458.00774,126993.1243
"2% Glu,1000 IPTG",1150.361667,18440.42561,106387.4669
"2% Glu,1000 IPTG",1161.010833,18280.25731,97249.25248
"2% Glu,1000 IPTG",1171.663333,18214.04405,98657.62894
"2% Glu,1000 IPTG",1182.315,18111.33831,81955.32205
"2% Glu,1000 IPTG",1192.9675,18044.12433,95282.71606
"2% Glu,1000 IPTG",1203.619167,17998.28885,89239.65552
"2% Glu,1000 IPTG",1214.27,17931.09704,78041.96676
"2% Glu,1000 IPTG",1224.92,17826.51211,87441.45975
"2% Glu,1000 IPTG",1235.571667,17719.97285,72125.89821
"2% Glu,1000 IPTG",1246.2225,17520.17001,75401.76885
"2% Glu,1000 IPTG",1256.875,17467.81634,70164.10217
"2% Glu,1000 IPTG",1267.5275,17384.15532,88877.72517
"2% Glu,1000 IPTG",1278.179167,17317.34402,78587.62867
"2% Glu,1000 IPTG",1288.83,17187.39665,66274.24843
"2% Glu,1000 IPTG",1299.480833,17034.74189,79520.46678
"2% Glu,1000 IPTG",1310.133333,16946.83133,79282.18822
"2% Glu,1000 IPTG",1320.785,16924.09523,85659.84034
"2% Glu,1000 IPTG",1331.435,16953.46898,65249.0165
"2% Glu,1000 IPTG",1342.0875,16857.54341,79542.62362
"2% Glu,1000 IPTG",1352.736667,16847.53133,67350.31023
"2% Glu,1000 IPTG",1363.39,16693.2409,89815.09223
"2% Glu,1000 IPTG",1374.040833,16603.31253,70202.20791
"2% Glu,1000 IPTG",1384.691667,16580.89122,108353.7234
"2% Glu,1000 IPTG",1395.355833,16490.5078,94643.55741
"2% Glu,1000 IPTG",1405.995,16386.62295,91181.2651
"2% Glu,2.5 IPTG",0,1943.60183,39873.57185
"2% Glu,2.5 IPTG",10.65916667,1688.87831,38364.97061
"2% Glu,2.5 IPTG",21.31166667,1453.737928,37415.5361
"2% Glu,2.5 IPTG",31.96166667,1348.353223,29922.54288
"2% Glu,2.5 IPTG",42.61333333,1435.690641,24777.03411
"2% Glu,2.5 IPTG",53.265,1510.953664,22578.11359
"2% Glu,2.5 IPTG",63.91666667,1672.97797,16714.83901
"2% Glu,2.5 IPTG",74.5675,1842.292251,10175.18704
"2% Glu,2.5 IPTG",85.21916667,2104.564213,9663.847478
"2% Glu,2.5 IPTG",95.87083333,2310.585777,9648.273348
"2% Glu,2.5 IPTG",106.5216667,2525.197985,15782.58984
"2% Glu,2.5 IPTG",117.1733333,2762.381945,16592.66643
"2% Glu,2.5 IPTG",127.825,2921.929586,17161.81311
"2% Glu,2.5 IPTG",138.4758333,3113.586844,25013.24433
"2% Glu,2.5 IPTG",149.1275,3285.092134,21282.80897
"2% Glu,2.5 IPTG",159.7791667,3373.933932,24522.58711
"2% Glu,2.5 IPTG",170.4308333,3575.727933,23912.0667
"2% Glu,2.5 IPTG",181.0825,3755.318652,14631.41663
"2% Glu,2.5 IPTG",191.7333333,3908.71986,23479.1964
"2% Glu,2.5 IPTG",202.3841667,4104.531505,30236.23305
"2% Glu,2.5 IPTG",213.0358333,4271.276725,24587.36282
"2% Glu,2.5 IPTG",223.6875,4519.731282,26858.99313
"2% Glu,2.5 IPTG",234.3391667,4782.873807,35075.17305
"2% Glu,2.5 IPTG",244.9908333,5016.511329,44772.17021
"2% Glu,2.5 IPTG",255.6408333,5246.052081,45087.79226
"2% Glu,2.5 IPTG",266.2925,5563.915375,44603.93314
"2% Glu,2.5 IPTG",276.9441667,5843.523086,49455.13685
"2% Glu,2.5 IPTG",287.5958333,6144.004251,53573.49668
"2% Glu,2.5 IPTG",298.2466667,6436.310111,57233.46638
"2% Glu,2.5 IPTG",308.8983333,6683.623009,73431.98609
"2% Glu,2.5 IPTG",319.55,6941.631855,70437.16075
"2% Glu,2.5 IPTG",330.2016667,7160.057961,85093.0018
"2% Glu,2.5 IPTG",340.8525,7305.325804,87704.3804
"2% Glu,2.5 IPTG",351.5041667,7519.780631,89577.27162
"2% Glu,2.5 IPTG",362.155,7685.710891,86833.9
"2% Glu,2.5 IPTG",372.8066667,7817.247909,99177.29749
"2% Glu,2.5 IPTG",383.4583333,7939.008452,96730.5939
"2% Glu,2.5 IPTG",394.11,8076.984839,103333.9251
"2% Glu,2.5 IPTG",404.7616667,8223.110937,99576.76948
"2% Glu,2.5 IPTG",415.4125,8389.879952,107064.2411
"2% Glu,2.5 IPTG",426.0633333,8577.734972,132575.8388
"2% Glu,2.5 IPTG",436.715,8789.318812,128361.1606
"2% Glu,2.5 IPTG",447.3666667,8813.735982,123303.6441
"2% Glu,2.5 IPTG",458.0183333,8853.252617,155346.9609
"2% Glu,2.5 IPTG",468.6691667,8933.050313,139423.2134
"2% Glu,2.5 IPTG",479.3208333,8903.695573,155041.1231
"2% Glu,2.5 IPTG",489.9725,8825.551946,173542.9167
"2% Glu,2.5 IPTG",500.6241667,8738.53659,145470.7287
"2% Glu,2.5 IPTG",511.275,8584.315713,141377.3791
"2% Glu,2.5 IPTG",521.9266667,8452.101857,124622.1733
"2% Glu,2.5 IPTG",532.5783333,8324.297506,136931.9076
"2% Glu,2.5 IPTG",543.23,8154.257245,138198.1438
"2% Glu,2.5 IPTG",553.8808333,7985.487566,109468.0412
"2% Glu,2.5 IPTG",564.5325,7848.405629,110985.7456
"2% Glu,2.5 IPTG",575.1841667,7699.16231,114905.3591
"2% Glu,2.5 IPTG",585.835,7606.415184,107944.2772
"2% Glu,2.5 IPTG",596.4866667,7453.726279,104959.9682
"2% Glu,2.5 IPTG",607.1375,7343.623525,108432.2847
"2% Glu,2.5 IPTG",617.7891667,7251.094711,90779.12425
"2% Glu,2.5 IPTG",628.4408333,7123.516095,89903.36055
"2% Glu,2.5 IPTG",639.0925,7025.20111,92574.96165
"2% Glu,2.5 IPTG",649.7441667,6946.61142,88784.77878
"2% Glu,2.5 IPTG",660.395,6845.378651,93369.03883
"2% Glu,2.5 IPTG",671.0458333,6789.890664,85379.76292
"2% Glu,2.5 IPTG",681.6975,6742.308311,96351.83897
"2% Glu,2.5 IPTG",692.3608333,6705.209228,91027.45188
"2% Glu,2.5 IPTG",703.0008333,6641.858445,92239.19895
"2% Glu,2.5 IPTG",713.6525,6561.649269,74254.1661
"2% Glu,2.5 IPTG",724.3033333,6514.668755,89275.9571
"2% Glu,2.5 IPTG",734.955,6438.439334,90102.59794
"2% Glu,2.5 IPTG",745.6066667,6392.402777,90675.36299
"2% Glu,2.5 IPTG",756.2583333,6339.147179,76885.15975
"2% Glu,2.5 IPTG",766.9091667,6307.449136,83285.25373
"2% Glu,2.5 IPTG",777.5608333,6319.253107,81266.26359
"2% Glu,2.5 IPTG",788.2116667,6280.912597,84720.35842
"2% Glu,2.5 IPTG",798.8633333,6247.139952,82738.81705
"2% Glu,2.5 IPTG",809.5158333,6222.169819,83556.34922
"2% Glu,2.5 IPTG",820.1675,6177.625961,81645.76974
"2% Glu,2.5 IPTG",830.8183333,6158.299503,79750.48917
"2% Glu,2.5 IPTG",841.47,6202.286182,76734.39735
"2% Glu,2.5 IPTG",852.1216667,6085.490669,85717.22295
"2% Glu,2.5 IPTG",862.7725,6131.000063,78794.17091
"2% Glu,2.5 IPTG",873.4241667,6128.881209,83720.8282
"2% Glu,2.5 IPTG",884.075,6119.878313,85512.87248
"2% Glu,2.5 IPTG",894.7266667,6132.305449,74349.02358
"2% Glu,2.5 IPTG",905.3783333,6130.019562,81014.54347
"2% Glu,2.5 IPTG",916.0291667,6058.985404,81310.25785
"2% Glu,2.5 IPTG",926.6816667,6029.700372,73545.19219
"2% Glu,2.5 IPTG",937.3341667,6046.52517,90469.46574
"2% Glu,2.5 IPTG",947.9858333,6036.702597,92831.20872
"2% Glu,2.5 IPTG",958.6358333,5992.78756,78455.64746
"2% Glu,2.5 IPTG",969.2866667,5988.927473,86526.9199
"2% Glu,2.5 IPTG",979.9391667,5982.324538,80730.35821
"2% Glu,2.5 IPTG",990.59,5972.905016,82301.26982
"2% Glu,2.5 IPTG",1001.240833,5947.435028,87097.41757
"2% Glu,2.5 IPTG",1011.893333,5966.295883,91256.72838
"2% Glu,2.5 IPTG",1022.543333,5939.367049,85082.40845
"2% Glu,2.5 IPTG",1033.195,5936.346507,92828.03925
"2% Glu,2.5 IPTG",1043.846667,5951.330154,85920.14517
"2% Glu,2.5 IPTG",1054.4975,5877.288882,82770.21037
"2% Glu,2.5 IPTG",1065.15,5879.593466,88009.95635
"2% Glu,2.5 IPTG",1075.801667,5912.899847,83242.13387
"2% Glu,2.5 IPTG",1086.4525,5903.24733,87900.32886
"2% Glu,2.5 IPTG",1097.105,5894.18809,98898.8
"2% Glu,2.5 IPTG",1107.755833,5889.223113,111279.5197
"2% Glu,2.5 IPTG",1118.4075,5896.72546,108749.1795
"2% Glu,2.5 IPTG",1129.0575,5868.261715,116513.3824
"2% Glu,2.5 IPTG",1139.71,5857.79263,105173.6819
"2% Glu,2.5 IPTG",1150.361667,5883.219738,108181.3911
"2% Glu,2.5 IPTG",1161.010833,5851.503762,124619.356
"2% Glu,2.5 IPTG",1171.663333,5847.546112,114123.0174
"2% Glu,2.5 IPTG",1182.315,5874.823322,112307.0458
"2% Glu,2.5 IPTG",1192.9675,5855.282299,116181.382
"2% Glu,2.5 IPTG",1203.619167,5852.334461,115468.9146
"2% Glu,2.5 IPTG",1214.27,5871.985518,106595.6032
"2% Glu,2.5 IPTG",1224.92,5895.102271,104471.2134
"2% Glu,2.5 IPTG",1235.571667,5922.483022,95783.01624
"2% Glu,2.5 IPTG",1246.2225,5882.803022,92358.60021
"2% Glu,2.5 IPTG",1256.875,5870.363098,77298.57799
"2% Glu,2.5 IPTG",1267.5275,5859.892806,76864.77877
"2% Glu,2.5 IPTG",1278.179167,5873.698547,84920.86261
"2% Glu,2.5 IPTG",1288.83,5848.682354,82994.5682
"2% Glu,2.5 IPTG",1299.480833,5798.060605,77675.16644
"2% Glu,2.5 IPTG",1310.133333,5801.882559,78404.55447
"2% Glu,2.5 IPTG",1320.785,5827.564093,78125.39444
"2% Glu,2.5 IPTG",1331.435,5850.621862,79467.90824
"2% Glu,2.5 IPTG",1342.0875,5834.227286,65831.55995
"2% Glu,2.5 IPTG",1352.736667,5821.532328,65589.22681
"2% Glu,2.5 IPTG",1363.39,5761.99102,75482.05172
"2% Glu,2.5 IPTG",1374.040833,5759.921817,74096.14511
"2% Glu,2.5 IPTG",1384.691667,5751.042402,72407.43575
"2% Glu,2.5 IPTG",1395.355833,5727.741368,82801.357
"2% Glu,2.5 IPTG",1405.995,5714.835757,80249.40842
"2% Glu,50 IPTG",0,1872.682004,31985.10288
"2% Glu,50 IPTG",10.65916667,1832.376201,20644.12159
"2% Glu,50 IPTG",21.31166667,1868.84245,20932.67652
"2% Glu,50 IPTG",31.96166667,2333.849487,11143.35711
"2% Glu,50 IPTG",42.61333333,2717.512468,16028.12715
"2% Glu,50 IPTG",53.265,3271.588836,12524.26513
"2% Glu,50 IPTG",63.91666667,4152.265051,15634.60028
"2% Glu,50 IPTG",74.5675,4827.075577,15387.82005
"2% Glu,50 IPTG",85.21916667,5613.185004,18394.79142
"2% Glu,50 IPTG",95.87083333,6447.940597,21023.68461
"2% Glu,50 IPTG",106.5216667,7275.65315,36183.62698
"2% Glu,50 IPTG",117.1733333,8059.695281,47096.95399
"2% Glu,50 IPTG",127.825,8754.747407,31838.46271
"2% Glu,50 IPTG",138.4758333,9451.951539,50392.15223
"2% Glu,50 IPTG",149.1275,10188.55495,52143.50816
"2% Glu,50 IPTG",159.7791667,10911.70093,64884.22226
"2% Glu,50 IPTG",170.4308333,11501.74855,70776.69276
"2% Glu,50 IPTG",181.0825,12179.81394,87017.6979
"2% Glu,50 IPTG",191.7333333,12826.72693,64497.20997
"2% Glu,50 IPTG",202.3841667,13640.41134,86874.02817
"2% Glu,50 IPTG",213.0358333,14433.33668,103389.1018
"2% Glu,50 IPTG",223.6875,15282.10377,101595.7404
"2% Glu,50 IPTG",234.3391667,16212.2433,97837.11689
"2% Glu,50 IPTG",244.9908333,17090.18123,105020.5747
"2% Glu,50 IPTG",255.6408333,18033.47909,89376.53853
"2% Glu,50 IPTG",266.2925,19051.81805,152474.3387
"2% Glu,50 IPTG",276.9441667,20006.36076,128345.948
"2% Glu,50 IPTG",287.5958333,21047.8864,115375.9621
"2% Glu,50 IPTG",298.2466667,22000.62318,139515.3584
"2% Glu,50 IPTG",308.8983333,22848.45958,132944.475
"2% Glu,50 IPTG",319.55,23738.1693,133864.9978
"2% Glu,50 IPTG",330.2016667,24569.27136,194060.9649
"2% Glu,50 IPTG",340.8525,25342.74144,160257.2326
"2% Glu,50 IPTG",351.5041667,25943.3687,185420.4591
"2% Glu,50 IPTG",362.155,26620.10743,183733.627
"2% Glu,50 IPTG",372.8066667,26904.63674,251209.0104
"2% Glu,50 IPTG",383.4583333,27179.90792,217015.154
"2% Glu,50 IPTG",394.11,27407.92734,216515.5447
"2% Glu,50 IPTG",404.7616667,27805.44807,295373.0393
"2% Glu,50 IPTG",415.4125,28139.37103,311862.6773
"2% Glu,50 IPTG",426.0633333,28467.00566,398609.2286
"2% Glu,50 IPTG",436.715,28904.71966,321141.9222
"2% Glu,50 IPTG",447.3666667,28806.74792,370770.3672
"2% Glu,50 IPTG",458.0183333,28716.15156,387470.1861
"2% Glu,50 IPTG",468.6691667,28847.42242,383272.6965
"2% Glu,50 IPTG",479.3208333,28650.2633,327895.2739
"2% Glu,50 IPTG",489.9725,28349.93288,398076.1056
"2% Glu,50 IPTG",500.6241667,27831.34855,452122.0375
"2% Glu,50 IPTG",511.275,27311.95656,465086.1914
"2% Glu,50 IPTG",521.9266667,26775.09714,408637.5911
"2% Glu,50 IPTG",532.5783333,26270.88774,428709.825
"2% Glu,50 IPTG",543.23,25706.98848,342393.5098
"2% Glu,50 IPTG",553.8808333,25198.64787,375643.6258
"2% Glu,50 IPTG",564.5325,24554.32968,309926.1987
"2% Glu,50 IPTG",575.1841667,24078.47759,325747.3908
"2% Glu,50 IPTG",585.835,23692.9019,347088.8363
"2% Glu,50 IPTG",596.4866667,23146.30286,298703.7861
"2% Glu,50 IPTG",607.1375,22726.44199,313965.0741
"2% Glu,50 IPTG",617.7891667,22450.91151,324930.4407
"2% Glu,50 IPTG",628.4408333,22063.19362,293330.0057
"2% Glu,50 IPTG",639.0925,21730.76501,297713.8808
"2% Glu,50 IPTG",649.7441667,21474.89874,309531.3346
"2% Glu,50 IPTG",660.395,21127.17174,301744.4111
"2% Glu,50 IPTG",671.0458333,20977.2167,271581.9691
"2% Glu,50 IPTG",681.6975,20724.68582,262898.4029
"2% Glu,50 IPTG",692.3608333,20543.50267,276672.0238
"2% Glu,50 IPTG",703.0008333,20404.39266,232079.9737
"2% Glu,50 IPTG",713.6525,20166.21209,256957.5276
"2% Glu,50 IPTG",724.3033333,20008.0271,246011.3321
"2% Glu,50 IPTG",734.955,19818.42146,240573.8493
"2% Glu,50 IPTG",745.6066667,19681.11237,226255.2106
"2% Glu,50 IPTG",756.2583333,19560.77776,251762.515
"2% Glu,50 IPTG",766.9091667,19358.41653,256703.9212
"2% Glu,50 IPTG",777.5608333,19350.39507,253105.2116
"2% Glu,50 IPTG",788.2116667,19202.02572,236923.1426
"2% Glu,50 IPTG",798.8633333,19124.87026,280340.4309
"2% Glu,50 IPTG",809.5158333,19059.26315,242066.1653
"2% Glu,50 IPTG",820.1675,18929.92413,247419.4052
"2% Glu,50 IPTG",830.8183333,18841.06258,252236.9797
"2% Glu,50 IPTG",841.47,18849.48478,224490.975
"2% Glu,50 IPTG",852.1216667,18619.07771,273757.5704
"2% Glu,50 IPTG",862.7725,18686.56337,265143.061
"2% Glu,50 IPTG",873.4241667,18640.2266,267671.8808
"2% Glu,50 IPTG",884.075,18651.62886,231457.4826
"2% Glu,50 IPTG",894.7266667,18590.21593,216068.2644
"2% Glu,50 IPTG",905.3783333,18629.44973,262266.8619
"2% Glu,50 IPTG",916.0291667,18457.79015,234740.0611
"2% Glu,50 IPTG",926.6816667,18365.82785,261216.2114
"2% Glu,50 IPTG",937.3341667,18371.05073,270750.7956
"2% Glu,50 IPTG",947.9858333,18283.08489,255848.7125
"2% Glu,50 IPTG",958.6358333,18228.90098,254919.5058
"2% Glu,50 IPTG",969.2866667,18189.56871,245788.6185
"2% Glu,50 IPTG",979.9391667,18248.7159,242687.4816
"2% Glu,50 IPTG",990.59,18073.57378,261998.7769
"2% Glu,50 IPTG",1001.240833,17988.48122,257309.2499
"2% Glu,50 IPTG",1011.893333,18017.53968,263612.6655
"2% Glu,50 IPTG",1022.543333,17952.77688,281980.078
"2% Glu,50 IPTG",1033.195,17946.8668,308726.2462
"2% Glu,50 IPTG",1043.846667,17860.0679,290016.0133
"2% Glu,50 IPTG",1054.4975,17744.01136,311410.5662
"2% Glu,50 IPTG",1065.15,17784.1043,294610.8391
"2% Glu,50 IPTG",1075.801667,17743.35708,343117.8337
"2% Glu,50 IPTG",1086.4525,17726.23385,370686.4598
"2% Glu,50 IPTG",1097.105,17747.17188,332873.7775
"2% Glu,50 IPTG",1107.755833,17742.44191,347003.4539
"2% Glu,50 IPTG",1118.4075,17666.60479,372879.1162
"2% Glu,50 IPTG",1129.0575,17533.22057,390054.175
"2% Glu,50 IPTG",1139.71,17625.00994,431493.8948
"2% Glu,50 IPTG",1150.361667,17541.61014,447198.4686
"2% Glu,50 IPTG",1161.010833,17522.53461,419056.6336
"2% Glu,50 IPTG",1171.663333,17468.33711,418512.7784
"2% Glu,50 IPTG",1182.315,17431.19659,410676.7258
"2% Glu,50 IPTG",1192.9675,17390.7951,395923.6953
"2% Glu,50 IPTG",1203.619167,17432.705,407762.5257
"2% Glu,50 IPTG",1214.27,17468.10846,356358.6026
"2% Glu,50 IPTG",1224.92,17569.29541,382620.8172
"2% Glu,50 IPTG",1235.571667,17524.91713,329512.9965
"2% Glu,50 IPTG",1246.2225,17427.93638,303601.8732
"2% Glu,50 IPTG",1256.875,17336.72336,268099.5974
"2% Glu,50 IPTG",1267.5275,17246.87183,272488.673
"2% Glu,50 IPTG",1278.179167,17186.21133,218013.1864
"2% Glu,50 IPTG",1288.83,17087.85398,238627.494
"2% Glu,50 IPTG",1299.480833,16900.89159,252226.405
"2% Glu,50 IPTG",1310.133333,16879.24503,241071.4215
"2% Glu,50 IPTG",1320.785,16903.65048,188624.6495
"2% Glu,50 IPTG",1331.435,16977.36477,196638.0186
"2% Glu,50 IPTG",1342.0875,16848.23144,201618.4265
"2% Glu,50 IPTG",1352.736667,16748.36955,215694.5019
"2% Glu,50 IPTG",1363.39,16561.35341,214515.2745
"2% Glu,50 IPTG",1374.040833,16500.29941,221690.1965
"2% Glu,50 IPTG",1384.691667,16416.57961,250147.7083
"2% Glu,50 IPTG",1395.355833,16284.54922,245965.3358
"2% Glu,50 IPTG",1405.995,16196.63073,248253.4692